Condition ;ID;Time;Masslarva;MassPS;MLarveIni;MPSIni
PST1;1;0;0;0;8.83;32.37
PST1;2;0;0;0;10.18;38.25
PST1;3;0;0;0;16.67;32.57
PST1;4;0;0;0;14.1;39.23
PST1;5;0;0;0;11.38;42.23
PST1;6;0;0;0;6.34;29.12
PST1;7;0;0;0;9.97;32.52
PST1;8;0;0;0;12.68;36.62
PST1;9;0;0;0;10.71;34.57
PST1;10;0;0;0;14.74;31.08
PST2;11;0;0;0;18.8;27.75
PST2;12;0;0;0;14.65;27.46
PST2;13;0;0;0;10.88;32.04
PST2;14;0;0;0;12.14;26.37
PST2;15;0;0;0;12.23;27.91
PST2;16;0;0;0;7.87;32.71
PST2;17;0;0;0;9.31;33.6
PST2;18;0;0;0;7.07;39.79
PST2;19;0;0;0;8.58;32.37
PST2;20;0;0;0;9.53;33.89
PST3;21;0;0;0;9.83;34.19
PST3;22;0;0;0;13.78;31.53
PST3;23;0;0;0;9.88;35.83
PST3;24;0;0;0;5.61;34.48
PST3;25;0;0;0;7.68;36.19
PST3;26;0;0;0;5.24;31.54
PST3;27;0;0;0;12.13;35.49
PST3;28;0;0;0;13.01;36.89
PST3;29;0;0;0;10.67;41.45
PST3;30;0;0;0;11.63;34.57
PST4;31;0;0;0;13.19;30.66
PST4;32;0;0;0;10.09;28.83
PST4;33;0;0;0;8.11;34.03
PST4;34;0;0;0;13.71;35.03
PST4;35;0;0;0;11.44;30.68
PST4;36;0;0;0;7.18;28.43
PST4;37;0;0;0;19.01;32.05
PST4;38;0;0;0;13.77;32.7
PST4;39;0;0;0;6.57;32.13
PST4;40;0;0;0;6.72;34.3
PST1+C;41;0;0;0;14.05;30.86
PST1+C;42;0;0;0;13.44;34.17
PST1+C;43;0;0;0;12.71;35.73
PST1+C;44;0;0;0;9.36;31.58
PST1+C;45;0;0;0;12.63;41.68
PST1+C;46;0;0;0;11.3;34.8
PST1+C;47;0;0;0;10.3;36.19
PST1+C;48;0;0;0;14.31;34.48
PST1+C;49;0;0;0;14.54;32.33
PST1+C;50;0;0;0;11.52;32.18
PST2+C;51;0;0;0;12.68;33.19
PST2+C;52;0;0;0;9.4;31.95
PST2+C;53;0;0;0;17.29;37.48
PST2+C;54;0;0;0;14.62;33.97
PST2+C;55;0;0;0;13.49;31.68
PST2+C;56;0;0;0;18.34;30.22
PST2+C;57;0;0;0;17.07;33.96
PST2+C;58;0;0;0;16.16;28.89
PST2+C;59;0;0;0;13.94;29.99
PST2+C;60;0;0;0;13.15;32.79
PST3+C;61;0;0;0;8.83;34.71
PST3+C;62;0;0;0;9.7;30.79
PST3+C;63;0;0;0;11.46;28.79
PST3+C;64;0;0;0;9.92;31.65
PST3+C;65;0;0;0;7.58;28.58
PST3+C;66;0;0;0;10.58;31.05
PST3+C;67;0;0;0;9.38;34.05
PST3+C;68;0;0;0;13.2;31.72
PST3+C;69;0;0;0;9.64;30.41
PST3+C;70;0;0;0;13.58;34.79
PST4+C;71;0;0;0;8.6;35.34
PST4+C;72;0;0;0;10.27;32.63
PST4+C;73;0;0;0;13.4;35.91
PST4+C;74;0;0;0;8.67;32.77
PST4+C;75;0;0;0;5.86;33.85
PST4+C;76;0;0;0;10.02;34.16
PST4+C;77;0;0;0;7.83;32.31
PST4+C;78;0;0;0;15.52;31.8
PST4+C;79;0;0;0;15.28;34.38
PST4+C;80;0;0;0;12.14;34.79
C;81;0;0;0;7.8;
C;82;0;0;0;6.54;
C;83;0;0;0;13.49;
C;84;0;0;0;9.36;
C;85;0;0;0;12.18;
C;86;0;0;0;13.63;
C;87;0;0;0;12.51;
C;88;0;0;0;14.7;
C;89;0;0;0;12.92;
C;90;0;0;0;10.1;
ST;91;0;0;0;10.66;
ST;92;0;0;0;8.75;
ST;93;0;0;0;12.41;
ST;94;0;0;0;15.05;
ST;95;0;0;0;18.01;
ST;96;0;0;0;13.95;
ST;97;0;0;0;15.21;
ST;98;0;0;0;9.02;
ST;99;0;0;0;12.32;
ST;100;0;0;0;13.33;
PST1;1;2;0.88;0.15;;
PST1;2;2;-0.72;-0.54;;
PST1;3;2;-0.51;0.12;;
PST1;4;2;-1.11;0.13;;
PST1;5;2;-0.77;0.08;;
PST1;6;2;0.05;-0.01;;
PST1;7;2;-1.01;-0.25;;
PST1;8;2;-0.44;0.12;;
PST1;9;2;2.03;-0.03;;
PST1;10;2;1.76;-0.6;;
PST2;11;2;-0.58;0.03;;
PST2;12;2;0.57;-0.07;;
PST2;13;2;0.44;0.01;;
PST2;14;2;0.05;-0.01;;
PST2;15;2;1.59;-0.13;;
PST2;16;2;-0.08;-0.02;;
PST2;17;2;0.32;-0.12;;
PST2;18;2;-0.35;0;;
PST2;19;2;-0.38;-0.12;;
PST2;20;2;0.53;-0.04;;
PST3;21;2;0.15;0.06;;
PST3;22;2;0.91;0.08;;
PST3;23;2;2.34;0.04;;
PST3;24;2;0.34;0.08;;
PST3;25;2;0;2.13;;
PST3;26;2;-0.36;0.01;;
PST3;27;2;-0.51;-0.01;;
PST3;28;2;-0.53;0;;
PST3;29;2;1.52;0.04;;
PST3;30;2;-0.21;-0.23;;
PST4;31;2;-0.5;-0.03;;
PST4;32;2;-0.07;-0.21;;
PST4;33;2;0.45;-0.09;;
PST4;34;2;-0.72;-0.52;;
PST4;35;2;-0.79;0;;
PST4;36;2;-0.51;-0.12;;
PST4;37;2;-0.85;-2.55;;
PST4;38;2;-0.46;-0.9;;
PST4;39;2;0.99;-0.36;;
PST4;40;2;-0.23;-0.43;;
PST1+C;41;2;-0.8;-0.03;;
PST1+C;42;2;1.44;-0.21;;
PST1+C;43;2;0.58;-0.03;;
PST1+C;44;2;-0.49;0.01;;
PST1+C;45;2;-0.58;-0.06;;
PST1+C;46;2;0.79;0.11;;
PST1+C;47;2;-0.63;-0.04;;
PST1+C;48;2;2.22;-0.47;;
PST1+C;49;2;1.78;-0.2;;
PST1+C;50;2;1.78;-0.32;;
PST2+C;51;2;-0.45;0;;
PST2+C;52;2;0.91;0.05;;
PST2+C;53;2;-0.61;-0.01;;
PST2+C;54;2;-1.19;-0.08;;
PST2+C;55;2;1.07;0.02;;
PST2+C;56;2;-1.15;-0.06;;
PST2+C;57;2;-0.61;-0.13;;
PST2+C;58;2;-1.06;0;;
PST2+C;59;2;0.81;0.04;;
PST2+C;60;2;0.31;-0.23;;
PST3+C;61;2;0.64;-0.14;;
PST3+C;62;2;2.23;-0.04;;
PST3+C;63;2;-0.41;0.03;;
PST3+C;64;2;0.91;0.04;;
PST3+C;65;2;0.77;-0.07;;
PST3+C;66;2;-0.68;0.77;;
PST3+C;67;2;-0.08;0.07;;
PST3+C;68;2;-0.31;0.01;;
PST3+C;69;2;1.01;0.1;;
PST3+C;70;2;-0.83;0.04;;
PST4+C;71;2;-0.77;-0.33;;
PST4+C;72;2;-0.5;-0.36;;
PST4+C;73;2;1.02;-0.63;;
PST4+C;74;2;0.36;-0.71;;
PST4+C;75;2;-0.61;-0.29;;
PST4+C;76;2;0.35;-0.81;;
PST4+C;77;2;-0.63;-0.12;;
PST4+C;78;2;0.51;-0.34;;
PST4+C;79;2;1.02;0;;
PST4+C;80;2;-0.45;-0.74;;
C;81;2;0.55;;;
C;82;2;0.09;;;
C;83;2;-0.69;;;
C;84;2;-0.59;;;
C;85;2;2.91;;;
C;86;2;-0.94;;;
C;87;2;3.68;;;
C;88;2;-0.39;;;
C;89;2;2.67;;;
C;90;2;3.86;;;
ST;91;2;-0.76;;;
ST;92;2;-0.31;;;
ST;93;2;1.3;;;
ST;94;2;-0.19;;;
ST;95;2;-0.53;;;
ST;96;2;-0.48;;;
ST;97;2;-0.72;;;
ST;98;2;-0.66;;;
ST;99;2;-0.94;;;
ST;100;2;-0.9;;;
PST1;1;4;0.64;0.16;;
PST1;2;4;-1.06;-0.67;;
PST1;3;4;-1.52;0.09;;
PST1;4;4;1.63;-0.02;;
PST1;5;4;0.68;0.08;;
PST1;6;4;0.57;-0.01;;
PST1;7;4;-1.99;-0.87;;
PST1;8;4;-0.77;0.09;;
PST1;9;4;1.68;-0.15;;
PST1;10;4;1.22;-2.42;;
PST2;11;4;-1.07;-0.08;;
PST2;12;4;-0.23;-0.07;;
PST2;13;4;0.16;0.07;;
PST2;14;4;-0.29;-0.06;;
PST2;15;4;2.66;-0.3;;
PST2;16;4;-0.39;-0.05;;
PST2;17;4;-0.07;-0.11;;
PST2;18;4;-0.91;-0.06;;
PST2;19;4;-0.76;-0.31;;
PST2;20;4;0.17;-0.08;;
PST3;21;4;-0.48;0.05;;
PST3;22;4;1.94;0.07;;
PST3;23;4;1.44;0.02;;
PST3;24;4;-0.19;-0.03;;
PST3;25;4;-0.19;0.08;;
PST3;26;4;-0.64;-0.03;;
PST3;27;4;-0.26;-0.06;;
PST3;28;4;0.8;-0.01;;
PST3;29;4;1.24;-0.01;;
PST3;30;4;-0.38;-0.26;;
PST4;31;4;-1.08;-0.05;;
PST4;32;4;-0.71;-0.62;;
PST4;33;4;0.69;-0.52;;
PST4;34;4;-0.82;-0.94;;
PST4;35;4;-1.55;0;;
PST4;36;4;-0.94;-0.37;;
PST4;37;4;-1.88;-2.95;;
PST4;38;4;-0.19;-2.13;;
PST4;39;4;0.33;-0.62;;
PST4;40;4;-0.11;-0.5;;
PST1+C;41;4;3.06;0.03;;
PST1+C;42;4;4.24;-0.04;;
PST1+C;43;4;0.35;-0.05;;
PST1+C;44;4;1.65;0.25;;
PST1+C;45;4;-0.68;0.15;;
PST1+C;46;4;0.48;0.09;;
PST1+C;47;4;0.66;0.04;;
PST1+C;48;4;1.32;-0.6;;
PST1+C;49;4;4.43;0.28;;
PST1+C;50;4;5.12;-0.37;;
PST2+C;51;4;-0.27;-0.04;;
PST2+C;52;4;2.09;0.23;;
PST2+C;53;4;0.69;0.34;;
PST2+C;54;4;5.75;-0.05;;
PST2+C;55;4;4.67;0.27;;
PST2+C;56;4;1.25;0.19;;
PST2+C;57;4;-0.46;0.03;;
PST2+C;58;4;1.69;0.16;;
PST2+C;59;4;2.26;0.28;;
PST2+C;60;4;-0.56;0.02;;
PST3+C;61;4;0.65;-0.1;;
PST3+C;62;4;2.86;0.27;;
PST3+C;63;4;-0.62;0.1;;
PST3+C;64;4;1.49;0.1;;
PST3+C;65;4;3.01;0.06;;
PST3+C;66;4;1.18;0.02;;
PST3+C;67;4;3.45;0.29;;
PST3+C;68;4;-0.69;0.17;;
PST3+C;69;4;2.73;0.35;;
PST3+C;70;4;1.8;0.13;;
PST4+C;71;4;0.55;-0.31;;
PST4+C;72;4;1.81;-0.26;;
PST4+C;73;4;4.17;-0.46;;
PST4+C;74;4;3.47;-0.68;;
PST4+C;75;4;1.14;-0.22;;
PST4+C;76;4;1.92;-1.34;;
PST4+C;77;4;0.22;-0.03;;
PST4+C;78;4;0.95;-0.15;;
PST4+C;79;4;0.58;0.02;;
PST4+C;80;4;4.26;-0.82;;
C;81;4;2.18;;;
C;82;4;1.52;;;
C;83;4;1.16;;;
C;84;4;1.43;;;
C;85;4;3.95;;;
C;86;4;0.75;;;
C;87;4;7.18;;;
C;88;4;3.18;;;
C;89;4;2.04;;;
C;90;4;4.91;;;
ST;91;4;-0.9;;;
ST;92;4;-0.88;;;
ST;93;4;0.93;;;
ST;94;4;2.19;;;
ST;95;4;-0.89;;;
ST;96;4;-0.86;;;
ST;97;4;-1.26;;;
ST;98;4;-1.2;;;
ST;99;4;-1.19;;;
ST;100;4;0.24;;;
PST1;1;7;-0.13;0.22;;
PST1;2;7;-2.14;-1.23;;
PST1;3;7;-1.9;-0.28;;
PST1;4;7;1.19;-0.64;;
PST1;5;7;-0.74;-0.24;;
PST1;6;7;0.06;0.08;;
PST1;7;7;-3.12;-1.15;;
PST1;8;7;-0.82;0.07;;
PST1;9;7;0.87;-0.16;;
PST1;10;7;0.14;-2.86;;
PST2;11;7;-2.04;-0.47;;
PST2;12;7;-1.29;-0.87;;
PST2;13;7;-0.36;0.16;;
PST2;14;7;-0.81;0.08;;
PST2;15;7;1.57;-0.15;;
PST2;16;7;-0.99;0.07;;
PST2;17;7;-0.76;-0.08;;
PST2;18;7;-1.43;0.1;;
PST2;19;7;-1.28;-0.12;;
PST2;20;7;-0.76;-0.03;;
PST3;21;7;-1.06;0.09;;
PST3;22;7;1.42;0.15;;
PST3;23;7;0.25;0.06;;
PST3;24;7;-0.9;-0.11;;
PST3;25;7;-0.45;0.11;;
PST3;26;7;-0.35;-0.02;;
PST3;27;7;-0.83;0.05;;
PST3;28;7;0.21;0.07;;
PST3;29;7;0.53;0.1;;
PST3;30;7;-0.67;-0.18;;
PST4;31;7;-1.42;-0.04;;
PST4;32;7;-1.7;-1.49;;
PST4;33;7;0.11;-0.6;;
PST4;34;7;-1.2;-1.28;;
PST4;35;7;-2.22;-0.74;;
PST4;36;7;-1.55;-0.57;;
PST4;37;7;-3.39;-3.29;;
PST4;38;7;-1.2;-3.42;;
PST4;39;7;-0.4;-0.87;;
PST4;40;7;-0.74;-0.78;;
PST1+C;41;7;3.58;0.31;;
PST1+C;42;7;5.73;0.28;;
PST1+C;43;7;0.09;0.14;;
PST1+C;44;7;3.47;0.68;;
PST1+C;45;7;-0.9;0.79;;
PST1+C;46;7;0.82;0.4;;
PST1+C;47;7;1.27;0.3;;
PST1+C;48;7;3.22;-0.5;;
PST1+C;49;7;4.77;0.62;;
PST1+C;50;7;5.92;0.4;;
PST2+C;51;7;1.59;0.06;;
PST2+C;52;7;1.79;0.39;;
PST2+C;53;7;1.96;0.86;;
PST2+C;54;7;5.2;0.62;;
PST2+C;55;7;5.53;0.39;;
PST2+C;56;7;3.09;-0.08;;
PST2+C;57;7;-1.29;0.44;;
PST2+C;58;7;2.36;0.59;;
PST2+C;59;7;1.15;0.45;;
PST2+C;60;7;0.13;-0.02;;
PST3+C;61;7;-0.04;0.2;;
PST3+C;62;7;1.96;-0.33;;
PST3+C;63;7;2.45;0.43;;
PST3+C;64;7;0.67;0.27;;
PST3+C;65;7;3.45;0.51;;
PST3+C;66;7;1.29;0.2;;
PST3+C;67;7;3.6;0.8;;
PST3+C;68;7;-1.56;0.39;;
PST3+C;69;7;3.09;0.58;;
PST3+C;70;7;2.77;-0.17;;
PST4+C;71;7;1.37;-0.45;;
PST4+C;72;7;3.24;-0.1;;
PST4+C;73;7;6.03;-0.49;;
PST4+C;74;7;2.74;-0.72;;
PST4+C;75;7;1.56;-0.19;;
PST4+C;76;7;1.98;-2.13;;
PST4+C;77;7;-0.06;0.05;;
PST4+C;78;7;-0.26;-0.25;;
PST4+C;79;7;0.33;0.12;;
PST4+C;80;7;3.26;-1.31;;
C;81;7;2.36;;;
C;82;7;1.74;;;
C;83;7;2.01;;;
C;84;7;2.64;;;
C;85;7;3.4;;;
C;86;7;0.18;;;
C;87;7;6.68;;;
C;88;7;4.44;;;
C;89;7;2.35;;;
C;90;7;4.65;;;
ST;91;7;-1.08;;;
ST;92;7;-1.21;;;
ST;93;7;1.34;;;
ST;94;7;1.7;;;
ST;95;7;-1.92;;;
ST;96;7;-1.37;;;
ST;97;7;-2.24;;;
ST;98;7;-1.75;;;
ST;99;7;-1.52;;;
ST;100;7;0.17;;;
PST1;1;9;-0.67;0.12;;
PST1;2;9;-2.62;-1.23;;
PST1;3;9;-2.18;-0.33;;
PST1;4;9;0.64;-1.08;;
PST1;5;9;-1.73;-0.63;;
PST1;6;9;-0.29;0.05;;
PST1;7;9;-3.68;-1.28;;
PST1;8;9;-1.39;0.03;;
PST1;9;9;0.66;-0.17;;
PST1;10;9;-0.65;-3.74;;
PST2;11;9;-2.53;-1.23;;
PST2;12;9;-1.69;-0.95;;
PST2;13;9;-1.04;-0.01;;
PST2;14;9;-1.22;0.06;;
PST2;15;9;1.08;-0.22;;
PST2;16;9;-1.36;0.06;;
PST2;17;9;-0.89;-0.08;;
PST2;18;9;-1.69;0.1;;
PST2;19;9;-1.57;-0.16;;
PST2;20;9;-1.24;0.03;;
PST3;21;9;-1.47;0.08;;
PST3;22;9;1.07;0.08;;
PST3;23;9;-0.55;0.03;;
PST3;24;9;-1.08;-0.21;;
PST3;25;9;-0.72;0.16;;
PST3;26;9;-0.61;-0.04;;
PST3;27;9;-1.25;-0.03;;
PST3;28;9;-0.33;-0.05;;
PST3;29;9;0.36;0.02;;
PST3;30;9;-1.21;-0.22;;
PST4;31;9;-1.63;0;;
PST4;32;9;-2.22;-1.58;;
PST4;33;9;-0.37;-0.62;;
PST4;34;9;-1;-1.39;;
PST4;35;9;-1.11;-1.2;;
PST4;36;9;-1.93;-0.55;;
PST4;37;9;-3.64;-3.33;;
PST4;38;9;-1.97;-4.15;;
PST4;39;9;-0.6;-0.93;;
PST4;40;9;-1.1;-1.09;;
PST1+C;41;9;5.95;0.13;;
PST1+C;42;9;7.47;0.24;;
PST1+C;43;9;2.08;0.43;;
PST1+C;44;9;4.45;0.77;;
PST1+C;45;9;0.55;0.8;;
PST1+C;46;9;1.28;0.4;;
PST1+C;47;9;0.61;0.16;;
PST1+C;48;9;6.66;-0.38;;
PST1+C;49;9;6.65;0.64;;
PST1+C;50;9;5.87;0.43;;
PST2+C;51;9;5.17;0.18;;
PST2+C;52;9;1.55;0.54;;
PST2+C;53;9;6.8;1.09;;
PST2+C;54;9;5.94;2.39;;
PST2+C;55;9;4.67;0.27;;
PST2+C;56;9;5.01;-0.21;;
PST2+C;57;9;-0.65;0.34;;
PST2+C;58;9;3.77;0.92;;
PST2+C;59;9;1.38;0.41;;
PST2+C;60;9;4.98;-0.13;;
PST3+C;61;9;1.8;0.29;;
PST3+C;62;9;3.54;-1;;
PST3+C;63;9;5.75;0.63;;
PST3+C;64;9;0.98;0.26;;
PST3+C;65;9;3.44;0.57;;
PST3+C;66;9;1.45;0.29;;
PST3+C;67;9;3.79;1.37;;
PST3+C;68;9;-1.01;0.52;;
PST3+C;69;9;4.02;0.46;;
PST3+C;70;9;4.2;0.67;;
PST4+C;71;9;4.17;-1.17;;
PST4+C;72;9;3.14;-0.43;;
PST4+C;73;9;6.43;-0.56;;
PST4+C;74;9;2.14;-0.82;;
PST4+C;75;9;2.1;-0.3;;
PST4+C;76;9;3.28;-2.23;;
PST4+C;77;9;-0.35;0.02;;
PST4+C;78;9;-0.36;-0.41;;
PST4+C;79;9;1.12;0.11;;
PST4+C;80;9;7.11;-1.6;;
C;81;9;2.87;;;
C;82;9;2.41;;;
C;83;9;3.56;;;
C;84;9;4.29;;;
C;85;9;3.26;;;
C;86;9;0.94;;;
C;87;9;5.19;;;
C;88;9;4.34;;;
C;89;9;5.7;;;
C;90;9;4.35;;;
ST;91;9;-1.21;;;
ST;92;9;-1.38;;;
ST;93;9;1.26;;;
ST;94;9;1.26;;;
ST;95;9;-2.08;;;
ST;96;9;-1.45;;;
ST;97;9;-2.43;;;
ST;98;9;-2.09;;;
ST;99;9;-1.58;;;
ST;100;9;0.14;;;
PST1;1;11;-1.05;0.08;;
PST1;2;11;-3.06;-1.25;;
PST1;3;11;-2.53;-0.31;;
PST1;4;11;0.05;-1.54;;
PST1;5;11;-2.49;-0.51;;
PST1;6;11;-0.66;0.04;;
PST1;7;11;-4.2;-1.32;;
PST1;8;11;-1.88;0.03;;
PST1;9;11;0.39;-0.21;;
PST1;10;11;-1.29;-3.92;;
PST2;11;11;-3.23;-1.28;;
PST2;12;11;-2.08;-0.9;;
PST2;13;11;-1.52;0.03;;
PST2;14;11;-1.66;0;;
PST2;15;11;0.02;-0.32;;
PST2;16;11;-1.71;-0.03;;
PST2;17;11;-1.22;0.01;;
PST2;18;11;-1.97;0.14;;
PST2;19;11;-1.93;-0.15;;
PST2;20;11;-1.69;0;;
PST3;21;11;-1.92;-0.01;;
PST3;22;11;0.72;0.08;;
PST3;23;11;-1.23;-0.1;;
PST3;24;11;-1.54;-0.24;;
PST3;25;11;-1.07;0.12;;
PST3;26;11;-0.85;-0.04;;
PST3;27;11;-1.69;-0.02;;
PST3;28;11;-0.88;0;;
PST3;29;11;0.06;0.04;;
PST3;30;11;-1.78;-0.34;;
PST4;31;11;-1.94;-0.02;;
PST4;32;11;-2.62;-1.72;;
PST4;33;11;-0.89;-0.82;;
PST4;34;11;-1.4;-1.72;;
PST4;35;11;-1.54;-1.29;;
PST4;36;11;-2.31;-0.59;;
PST4;37;11;-4.61;-3.34;;
PST4;38;11;-2.66;-4.18;;
PST4;39;11;-1.02;-1;;
PST4;40;11;-1.51;-1.25;;
PST1+C;41;11;6.94;0.07;;
PST1+C;42;11;6.97;0.15;;
PST1+C;43;11;5.61;0.65;;
PST1+C;44;11;4.47;0.96;;
PST1+C;45;11;3.53;0.94;;
PST1+C;46;11;1.37;0.45;;
PST1+C;47;11;1.91;0.31;;
PST1+C;48;11;8.33;-0.43;;
PST1+C;49;11;6.13;0.53;;
PST1+C;50;11;4.95;0.43;;
PST2+C;51;11;6.5;0.18;;
PST2+C;52;11;1.07;0.56;;
PST2+C;53;11;6.11;1.05;;
PST2+C;54;11;5.27;1.95;;
PST2+C;55;11;4.64;0.47;;
PST2+C;56;11;5.44;-0.51;;
PST2+C;57;11;-1.62;0.3;;
PST2+C;58;11;3.72;1.22;;
PST2+C;59;11;1.2;0.34;;
PST2+C;60;11;7.31;0.85;;
PST3+C;61;11;1.95;0.49;;
PST3+C;62;11;5.77;-0.77;;
PST3+C;63;11;6.96;0.83;;
PST3+C;64;11;0.8;0.27;;
PST3+C;65;11;3.79;0.64;;
PST3+C;66;11;1.16;0.21;;
PST3+C;67;11;3.85;0.95;;
PST3+C;68;11;-1.6;0.53;;
PST3+C;69;11;3.36;0.54;;
PST3+C;70;11;4.59;0.65;;
PST4+C;71;11;4.26;-1.37;;
PST4+C;72;11;2.91;-0.58;;
PST4+C;73;11;6.23;-0.65;;
PST4+C;74;11;1.75;-0.8;;
PST4+C;75;11;2.23;-0.29;;
PST4+C;76;11;3.1;-2.26;;
PST4+C;77;11;-0.64;0;;
PST4+C;78;11;2.22;-0.64;;
PST4+C;79;11;1.28;-0.17;;
PST4+C;80;11;7.43;-2.15;;
C;81;11;4.15;;;
C;82;11;2.92;;;
C;83;11;3.77;;;
C;84;11;4.01;;;
C;85;11;2.25;;;
C;86;11;1.53;;;
C;87;11;6.89;;;
C;88;11;4.92;;;
C;89;11;7.07;;;
C;90;11;3.34;;;
ST;91;11;-1.34;;;
ST;92;11;-1.61;;;
ST;93;11;0.86;;;
ST;94;11;0.87;;;
ST;95;11;-2.27;;;
ST;96;11;-1.42;;;
ST;97;11;-2.63;;;
ST;98;11;-2.46;;;
ST;99;11;-1.86;;;
ST;100;11;0.15;;;
PST1;1;14;-1.76;-0.49;;
PST1;2;14;-3.69;-1.49;;
PST1;3;14;-3.23;-0.99;;
PST1;4;14;-0.73;-1.83;;
PST1;5;14;-3.52;-1.02;;
PST1;6;14;-1.11;-0.07;;
PST1;7;14;-5.26;-1.51;;
PST1;8;14;-2.63;-0.38;;
PST1;9;14;-0.14;-0.4;;
PST1;10;14;-2.28;-4.29;;
PST2;11;14;-4.25;-1.37;;
PST2;12;14;-2.91;-0.98;;
PST2;13;14;-2.16;-0.05;;
PST2;14;14;-2.37;0.03;;
PST2;15;14;-1.04;-0.8;;
PST2;16;14;-2.3;-0.04;;
PST2;17;14;-1.62;-0.15;;
PST2;18;14;-2.33;0.09;;
PST2;19;14;-2.4;-0.21;;
PST2;20;14;-2.31;-0.25;;
PST3;21;14;-2.72;-0.14;;
PST3;22;14;0.18;-0.12;;
PST3;23;14;-2.18;-0.35;;
PST3;24;14;-2.12;-0.34;;
PST3;25;14;-1.57;0.03;;
PST3;26;14;-1.21;-0.18;;
PST3;27;14;-2.4;-0.17;;
PST3;28;14;-1.56;-0.24;;
PST3;29;14;-0.41;-0.35;;
PST3;30;14;-2.49;-0.55;;
PST4;31;14;-2.37;-0.06;;
PST4;32;14;-3.01;-1.75;;
PST4;33;14;-1.64;-0.77;;
PST4;34;14;-2.26;-1.96;;
PST4;35;14;-2.18;-1.62;;
PST4;36;14;-2.8;-0.57;;
PST4;37;14;;;;
PST4;38;14;-3.67;-4.41;;
PST4;39;14;-1.64;-0.98;;
PST4;40;14;-2.03;-1.43;;
PST1+C;41;14;5.88;-0.07;;
PST1+C;42;14;6.77;-0.16;;
PST1+C;43;14;5.87;0.55;;
PST1+C;44;14;3.79;0.75;;
PST1+C;45;14;3.19;1.05;;
PST1+C;46;14;0.75;0.55;;
PST1+C;47;14;1.58;0.35;;
PST1+C;48;14;7.75;-0.37;;
PST1+C;49;14;4.64;0.2;;
PST1+C;50;14;5.47;0.4;;
PST2+C;51;14;6.02;-0.06;;
PST2+C;52;14;0.46;0.69;;
PST2+C;53;14;4.42;1.01;;
PST2+C;54;14;3.99;1.71;;
PST2+C;55;14;3.98;0.28;;
PST2+C;56;14;5.67;-0.38;;
PST2+C;57;14;-1.36;0.24;;
PST2+C;58;14;3.89;1.68;;
PST2+C;59;14;1.83;0.19;;
PST2+C;60;14;7.07;1.35;;
PST3+C;61;14;2.2;0.76;;
PST3+C;62;14;5.63;-0.67;;
PST3+C;63;14;6.65;0.75;;
PST3+C;64;14;0.53;0.22;;
PST3+C;65;14;3.15;0.42;;
PST3+C;66;14;0.51;0.04;;
PST3+C;67;14;4;1.11;;
PST3+C;68;14;-1.28;0.39;;
PST3+C;69;14;3.41;1.05;;
PST3+C;70;14;5.37;0.67;;
PST4+C;71;14;3.96;-1.36;;
PST4+C;72;14;2.53;-0.53;;
PST4+C;73;14;4.32;-0.79;;
PST4+C;74;14;1.37;-0.95;;
PST4+C;75;14;2.63;-0.37;;
PST4+C;76;14;3.48;-2.51;;
PST4+C;77;14;-1.17;-0.03;;
PST4+C;78;14;2.7;-0.41;;
PST4+C;79;14;1.77;-0.59;;
PST4+C;80;14;6.6;-2.24;;
C;81;14;3.03;;;
C;82;14;2.82;;;
C;83;14;3.63;;;
C;84;14;3.85;;;
C;85;14;2.55;;;
C;86;14;1.57;;;
C;87;14;7.74;;;
C;88;14;4.44;;;
C;89;14;6.73;;;
C;90;14;3.72;;;
ST;91;14;-1.64;;;
ST;92;14;-1.92;;;
ST;93;14;0.31;;;
ST;94;14;0.34;;;
ST;95;14;-2.63;;;
ST;96;14;-1.88;;;
ST;97;14;-2.98;;;
ST;98;14;-2.97;;;
ST;99;14;-2.2;;;
ST;100;14;-0.05;;;
PST1;1;16;-2.12;-0.48;;
PST1;2;16;-4.09;-1.64;;
PST1;3;16;-3.84;-1.25;;
PST1;4;16;-1.31;-1.93;;
PST1;5;16;-4.16;-1.11;;
PST1;6;16;-1.45;-0.05;;
PST1;7;16;-7.29;-1.6;;
PST1;8;16;-3.12;-0.54;;
PST1;9;16;-0.82;-0.37;;
PST1;10;16;-3.19;-4.55;;
PST2;11;16;-4.55;-1.62;;
PST2;12;16;-2.87;-1.03;;
PST2;13;16;-2.66;0.09;;
PST2;14;16;-2.98;0.07;;
PST2;15;16;-1.62;-0.81;;
PST2;16;16;-2.71;-0.2;;
PST2;17;16;-1.98;-0.07;;
PST2;18;16;-2.56;0.12;;
PST2;19;16;-2.68;-0.26;;
PST2;20;16;-2.78;0.01;;
PST3;21;16;-3.2;-0.23;;
PST3;22;16;-0.29;-0.12;;
PST3;23;16;-2.83;-0.38;;
PST3;24;16;-2.51;-0.41;;
PST3;25;16;-1.35;-0.02;;
PST3;26;16;-1.51;-0.24;;
PST3;27;16;-3;-0.21;;
PST3;28;16;-2.05;-0.28;;
PST3;29;16;-0.81;-0.28;;
PST3;30;16;-3.06;-0.6;;
PST4;31;16;-2.66;-0.09;;
PST4;32;16;-3.47;-1.89;;
PST4;33;16;-2.17;-0.83;;
PST4;34;16;-2.96;-2.06;;
PST4;35;16;-2.59;-1.58;;
PST4;36;16;-3.38;-0.59;;
PST4;37;16;;;;
PST4;38;16;-3.83;-4.68;;
PST4;39;16;-2.1;-1.01;;
PST4;40;16;-2.36;-1.53;;
PST1+C;41;16;7.8;-0.38;;
PST1+C;42;16;7.39;-0.11;;
PST1+C;43;16;5.69;0.66;;
PST1+C;44;16;3.3;0.98;;
PST1+C;45;16;2.01;0.83;;
PST1+C;46;16;0.35;0.67;;
PST1+C;47;16;1.44;0.32;;
PST1+C;48;16;7.27;-0.54;;
PST1+C;49;16;4.01;-0.01;;
PST1+C;50;16;6.5;0.59;;
PST2+C;51;16;5.1;-0.03;;
PST2+C;52;16;-0.07;0.75;;
PST2+C;53;16;4.65;1.14;;
PST2+C;54;16;3.32;0.57;;
PST2+C;55;16;3.69;0.27;;
PST2+C;56;16;5.37;-0.26;;
PST2+C;57;16;-1.75;0.4;;
PST2+C;58;16;3.08;2.16;;
PST2+C;59;16;2.26;0.22;;
PST2+C;60;16;6.13;1.11;;
PST3+C;61;16;2;0.91;;
PST3+C;62;16;4.63;-1.07;;
PST3+C;63;16;5.66;0.71;;
PST3+C;64;16;0.77;0.17;;
PST3+C;65;16;1.95;0.36;;
PST3+C;66;16;0.73;0.16;;
PST3+C;67;16;3.05;1;;
PST3+C;68;16;-0.77;0.65;;
PST3+C;69;16;4.94;1.11;;
PST3+C;70;16;5.89;0.55;;
PST4+C;71;16;3.55;-1.43;;
PST4+C;72;16;3.18;-0.64;;
PST4+C;73;16;3.59;-0.77;;
PST4+C;74;16;0.99;-1;;
PST4+C;75;16;3.84;-0.32;;
PST4+C;76;16;3.11;-2.83;;
PST4+C;77;16;-1.57;-0.03;;
PST4+C;78;16;2.3;-0.3;;
PST4+C;79;16;1.44;-0.8;;
PST4+C;80;16;5.99;-2.1;;
C;81;16;3.22;;;
C;82;16;2.7;;;
C;83;16;4.15;;;
C;84;16;3.16;;;
C;85;16;2.94;;;
C;86;16;3.12;;;
C;87;16;10.2;;;
C;88;16;3.1;;;
C;89;16;7.7;;;
C;90;16;3.85;;;
ST;91;16;-1.59;;;
ST;92;16;-2.14;;;
ST;93;16;-0.17;;;
ST;94;16;0.06;;;
ST;95;16;-2.93;;;
ST;96;16;-2.3;;;
ST;97;16;-3.24;;;
ST;98;16;-3.41;;;
ST;99;16;-2.26;;;
ST;100;16;-0.18;;;
PST1;1;18;-2.6;-0.59;;
PST1;2;18;-4.54;-1.67;;
PST1;3;18;-4.71;-1.16;;
PST1;4;18;-1.82;-2.21;;
PST1;5;18;-4.8;-1.29;;
PST1;6;18;-1.76;-0.06;;
PST1;7;18;;;;
PST1;8;18;-3.69;-0.6;;
PST1;9;18;-1.36;-0.39;;
PST1;10;18;-3.83;-4.8;;
PST2;11;18;-5.63;-1.72;;
PST2;12;18;-3.21;-0.98;;
PST2;13;18;-3.13;0.16;;
PST2;14;18;-3.58;0.13;;
PST2;15;18;-2.23;-0.87;;
PST2;16;18;-2.92;-0.22;;
PST2;17;18;-2.32;-0.05;;
PST2;18;18;-2.78;0.06;;
PST2;19;18;-3;-0.27;;
PST2;20;18;-3.26;0.01;;
PST3;21;18;-3.68;-0.26;;
PST3;22;18;-0.8;-0.18;;
PST3;23;18;-3.4;-0.44;;
PST3;24;18;-3.04;-0.4;;
PST3;25;18;-1.75;-0.07;;
PST3;26;18;-1.8;-0.27;;
PST3;27;18;-3.7;-0.3;;
PST3;28;18;-2.55;-0.31;;
PST3;29;18;-1.23;-0.35;;
PST3;30;18;-3.58;-0.63;;
PST4;31;18;-2.98;-0.08;;
PST4;32;18;-3.9;-1.89;;
PST4;33;18;-2.7;-0.81;;
PST4;34;18;-3.57;-1.95;;
PST4;35;18;-3.03;-1.64;;
PST4;36;18;-4.69;-0.56;;
PST4;37;18;;;;
PST4;38;18;-4.58;-4.66;;
PST4;39;18;-2.56;-1.01;;
PST4;40;18;-2.79;-1.58;;
PST1+C;41;18;8.87;-0.26;;
PST1+C;42;18;6.95;-0.24;;
PST1+C;43;18;5.16;0.7;;
PST1+C;44;18;2.78;0.9;;
PST1+C;45;18;2.2;0.94;;
PST1+C;46;18;0.35;0.89;;
PST1+C;47;18;2.78;0.25;;
PST1+C;48;18;6.14;-0.54;;
PST1+C;49;18;4.01;0.04;;
PST1+C;50;18;8.19;0.45;;
PST2+C;51;18;5.55;0.01;;
PST2+C;52;18;-0.66;0.85;;
PST2+C;53;18;3.34;1.09;;
PST2+C;54;18;2.27;0.3;;
PST2+C;55;18;3.49;0.25;;
PST2+C;56;18;4.85;-0.24;;
PST2+C;57;18;-2.01;0.3;;
PST2+C;58;18;2.35;2.06;;
PST2+C;59;18;2.41;0.36;;
PST2+C;60;18;4.74;0.81;;
PST3+C;61;18;1.8;1.04;;
PST3+C;62;18;4.93;-0.79;;
PST3+C;63;18;5.35;0.71;;
PST3+C;64;18;2.48;0.28;;
PST3+C;65;18;1.72;0.29;;
PST3+C;66;18;0.96;0.29;;
PST3+C;67;18;2.58;0.92;;
PST3+C;68;18;0.52;1.07;;
PST3+C;69;18;5.97;1.38;;
PST3+C;70;18;5.53;0.44;;
PST4+C;71;18;3.74;-1.21;;
PST4+C;72;18;2.81;-0.74;;
PST4+C;73;18;3.55;-0.94;;
PST4+C;74;18;0.61;-0.9;;
PST4+C;75;18;4.61;-0.31;;
PST4+C;76;18;2.26;-2.89;;
PST4+C;77;18;-2.14;0;;
PST4+C;78;18;2.27;-0.33;;
PST4+C;79;18;1.2;-1.21;;
PST4+C;80;18;4.87;-2.36;;
C;81;18;2.68;;;
C;82;18;2.07;;;
C;83;18;4;;;
C;84;18;4.13;;;
C;85;18;3.75;;;
C;86;18;2.7;;;
C;87;18;10.84;;;
C;88;18;3.86;;;
C;89;18;7.03;;;
C;90;18;3.81;;;
ST;91;18;-1.93;;;
ST;92;18;-2.45;;;
ST;93;18;-0.69;;;
ST;94;18;-0.26;;;
ST;95;18;-3.25;;;
ST;96;18;-2.47;;;
ST;97;18;-3.53;;;
ST;98;18;-3.86;;;
ST;99;18;-2.54;;;
ST;100;18;0.47;;;
PST1;1;21;-3.22;-0.54;;
PST1;2;21;-5.53;-1.47;;
PST1;3;21;-6.08;-1.3;;
PST1;4;21;-2.66;-2.15;;
PST1;5;21;-5.47;-1.15;;
PST1;6;21;-2.24;0.07;;
PST1;7;21;;;;
PST1;8;21;-4.37;-0.48;;
PST1;9;21;-2.13;-0.34;;
PST1;10;21;-4.92;-5.03;;
PST2;11;21;-5.74;-1.68;;
PST2;12;21;-4.25;-0.96;;
PST2;13;21;-3.85;0.23;;
PST2;14;21;-4.43;0.17;;
PST2;15;21;-2.87;-1.06;;
PST2;16;21;-3.56;-0.16;;
PST2;17;21;-2.8;0.21;;
PST2;18;21;-3.06;0.21;;
PST2;19;21;-3.43;-0.16;;
PST2;20;21;-3.81;0.07;;
PST3;21;21;-4.38;-0.08;;
PST3;22;21;-1.58;0.03;;
PST3;23;21;-4.58;-0.25;;
PST3;24;21;;;;
PST3;25;21;-2.29;0.03;;
PST3;26;21;-2.98;-0.12;;
PST3;27;21;-4.65;-0.12;;
PST3;28;21;-3.28;-0.17;;
PST3;29;21;-1.9;-0.17;;
PST3;30;21;-4.41;-0.54;;
PST4;31;21;-3.52;-0.15;;
PST4;32;21;-4.71;-1.83;;
PST4;33;21;-3.1;-0.83;;
PST4;34;21;-3.83;-2.01;;
PST4;35;21;-3.6;-1.68;;
PST4;36;21;;;;
PST4;37;21;;;;
PST4;38;21;-5.65;-4.59;;
PST4;39;21;-3.69;-1.02;;
PST4;40;21;-3.3;-1.57;;
PST1+C;41;21;9.16;-0.08;;
PST1+C;42;21;6.39;-0.55;;
PST1+C;43;21;4.91;1.05;;
PST1+C;44;21;2.06;1.15;;
PST1+C;45;21;2.47;1.12;;
PST1+C;46;21;-0.44;1.31;;
PST1+C;47;21;2.45;0.52;;
PST1+C;48;21;5.94;-0.04;;
PST1+C;49;21;4.5;0.5;;
PST1+C;50;21;10.17;0.93;;
PST2+C;51;21;5.93;0.11;;
PST2+C;52;21;-1.47;1.32;;
PST2+C;53;21;3.09;1.47;;
PST2+C;54;21;0.93;0.29;;
PST2+C;55;21;3.15;0.47;;
PST2+C;56;21;3.01;-0.38;;
PST2+C;57;21;-2.48;0.6;;
PST2+C;58;21;1.28;2.29;;
PST2+C;59;21;2.71;0.58;;
PST2+C;60;21;4.19;0.51;;
PST3+C;61;21;1.53;1.18;;
PST3+C;62;21;4.5;-0.49;;
PST3+C;63;21;5.55;0.98;;
PST3+C;64;21;2.33;0.54;;
PST3+C;65;21;1.57;0.65;;
PST3+C;66;21;0.42;0.44;;
PST3+C;67;21;2.06;1.48;;
PST3+C;68;21;0.9;1.76;;
PST3+C;69;21;6;1.69;;
PST3+C;70;21;4.33;0.73;;
PST4+C;71;21;2.7;-1.31;;
PST4+C;72;21;1.74;-0.81;;
PST4+C;73;21;3.39;-0.92;;
PST4+C;74;21;-0.12;-0.76;;
PST4+C;75;21;3.46;0.1;;
PST4+C;76;21;2.38;-2.46;;
PST4+C;77;21;-2.72;-0.01;;
PST4+C;78;21;1.44;-0.25;;
PST4+C;79;21;0.89;-0.94;;
PST4+C;80;21;5.05;-2.17;;
C;81;21;2.48;;;
C;82;21;2.78;;;
C;83;21;2.86;;;
C;84;21;4.12;;;
C;85;21;3.27;;;
C;86;21;1.77;;;
C;87;21;9.65;;;
C;88;21;4.47;;;
C;89;21;6.79;;;
C;90;21;3.45;;;
ST;91;21;-2.26;;;
ST;92;21;-2.89;;;
ST;93;21;-1.43;;;
ST;94;21;-0.61;;;
ST;95;21;-3.74;;;
ST;96;21;-3.04;;;
ST;97;21;-3.95;;;
ST;98;21;-4.57;;;
ST;99;21;-2.96;;;
ST;100;21;0.17;;;
PST1;1;23;-3.53;-0.54;;
PST1;2;23;-7.11;-1.54;;
PST1;3;23;-6.71;-1.33;;
PST1;4;23;-3.17;-2.18;;
PST1;5;23;-5.88;-1.28;;
PST1;6;23;-2.48;-0.02;;
PST1;7;23;;;;
PST1;8;23;-4.84;-0.6;;
PST1;9;23;-2.67;-0.44;;
PST1;10;23;-5.25;-5.01;;
PST2;11;23;;;;
PST2;12;23;-4.96;-1.07;;
PST2;13;23;-4.26;0.12;;
PST2;14;23;-5.01;0.1;;
PST2;15;23;-3.25;-1.31;;
PST2;16;23;-3.88;-0.17;;
PST2;17;23;-3.1;0.2;;
PST2;18;23;-3.37;0.19;;
PST2;19;23;-3.66;-0.19;;
PST2;20;23;-4.12;0.02;;
PST3;21;23;-4.78;-0.13;;
PST3;22;23;-2.08;-0.04;;
PST3;23;23;-6.07;-0.27;;
PST3;24;23;;;;
PST3;25;23;-2.44;0.07;;
PST3;26;23;;;;
PST3;27;23;-5.24;-0.14;;
PST3;28;23;-3.75;-0.23;;
PST3;29;23;-2.3;-0.22;;
PST3;30;23;-4.83;-0.51;;
PST4;31;23;-3.83;-0.09;;
PST4;32;23;-5.3;-1.88;;
PST4;33;23;-3.52;-0.87;;
PST4;34;23;-4.33;-2.04;;
PST4;35;23;-4.08;-1.7;;
PST4;36;23;;;;
PST4;37;23;;;;
PST4;38;23;-6.33;-4.65;;
PST4;39;23;;;;
PST4;40;23;-3.62;-1.57;;
PST1+C;41;23;12.31;0.31;;
PST1+C;42;23;5.92;-0.53;;
PST1+C;43;23;4.3;1.05;;
PST1+C;44;23;1.44;1.02;;
PST1+C;45;23;2.75;1.14;;
PST1+C;46;23;1.83;1.39;;
PST1+C;47;23;3.89;0.2;;
PST1+C;48;23;5.76;-0.65;;
PST1+C;49;23;4.01;0.6;;
PST1+C;50;23;12.06;0.83;;
PST2+C;51;23;9.47;0.18;;
PST2+C;52;23;-1.09;1.33;;
PST2+C;53;23;2.68;1.38;;
PST2+C;54;23;-0.39;0.38;;
PST2+C;55;23;3.68;0.5;;
PST2+C;56;23;3.36;0;;
PST2+C;57;23;-2.77;0.49;;
PST2+C;58;23;1.07;2.33;;
PST2+C;59;23;4.98;0.76;;
PST2+C;60;23;3.93;1.47;;
PST3+C;61;23;2.06;1.39;;
PST3+C;62;23;3.92;-0.52;;
PST3+C;63;23;6.2;1.03;;
PST3+C;64;23;2.09;0.64;;
PST3+C;65;23;1.44;0.5;;
PST3+C;66;23;0.57;0.24;;
PST3+C;67;23;1.88;1.74;;
PST3+C;68;23;1.55;1.9;;
PST3+C;69;23;5.61;1.72;;
PST3+C;70;23;4.66;0.76;;
PST4+C;71;23;1.81;-1.33;;
PST4+C;72;23;1.77;-0.73;;
PST4+C;73;23;3.51;-0.88;;
PST4+C;74;23;-1.04;-0.72;;
PST4+C;75;23;4.03;0.06;;
PST4+C;76;23;1.7;-2.46;;
PST4+C;77;23;-3.17;0.02;;
PST4+C;78;23;2.13;0.17;;
PST4+C;79;23;0.75;-1.39;;
PST4+C;80;23;6.4;-2.09;;
C;81;23;2.37;;;
C;82;23;3.13;;;
C;83;23;5.47;;;
C;84;23;4.36;;;
C;85;23;4.06;;;
C;86;23;2.9;;;
C;87;23;7.95;;;
C;88;23;6;;;
C;89;23;7.35;;;
C;90;23;3.14;;;
ST;91;23;-2.11;;;
ST;92;23;-3.21;;;
ST;93;23;-1.68;;;
ST;94;23;-0.74;;;
ST;95;23;-4;;;
ST;96;23;-2.62;;;
ST;97;23;-4.24;;;
ST;98;23;-5.03;;;
ST;99;23;-3.2;;;
ST;100;23;-0.06;;;
PST1;1;25;-4.02;-0.63;;
PST1;2;25;-8.11;-1.57;;
PST1;3;25;-7.36;-1.48;;
PST1;4;25;-3.57;-2.44;;
PST1;5;25;-6.91;-1.29;;
PST1;6;25;-2.77;-0.03;;
PST1;7;25;;;;
PST1;8;25;-4.85;-0.53;;
PST1;9;25;-3.18;-0.51;;
PST1;10;25;-5.49;-5.23;;
PST2;11;25;;;;
PST2;12;25;-5.54;-1.16;;
PST2;13;25;-4.6;-0.01;;
PST2;14;25;-5.59;-0.01;;
PST2;15;25;-3.64;-1.33;;
PST2;16;25;-4.33;-0.21;;
PST2;17;25;-3.4;0.1;;
PST2;18;25;-3.49;0.11;;
PST2;19;25;-3.95;-0.22;;
PST2;20;25;-4.62;-0.01;;
PST3;21;25;-5.17;-0.15;;
PST3;22;25;-2.54;-0.18;;
PST3;23;25;;;;
PST3;24;25;;;;
PST3;25;25;-2.74;0.01;;
PST3;26;25;;;;
PST3;27;25;-5.75;-0.15;;
PST3;28;25;-4.15;-0.32;;
PST3;29;25;-2.64;-0.28;;
PST3;30;25;-5.27;-0.61;;
PST4;31;25;-4.26;-0.09;;
PST4;32;25;-6.67;-1.92;;
PST4;33;25;-4.09;-0.91;;
PST4;34;25;-4.87;-2.03;;
PST4;35;25;-4.45;-1.74;;
PST4;36;25;;;;
PST4;37;25;;;;
PST4;38;25;-6.91;-4.67;;
PST4;39;25;;;;
PST4;40;25;-4.15;-1.57;;
PST1+C;41;25;12.31;0.28;;
PST1+C;42;25;5.29;-0.41;;
PST1+C;43;25;4.58;1.15;;
PST1+C;44;25;1.06;1.05;;
PST1+C;45;25;2.56;1.58;;
PST1+C;46;25;2.21;1.39;;
PST1+C;47;25;4.08;0.19;;
PST1+C;48;25;5.52;-0.59;;
PST1+C;49;25;3.42;0.34;;
PST1+C;50;25;12.69;1.16;;
PST2+C;51;25;9.48;0.12;;
PST2+C;52;25;-1.57;1.32;;
PST2+C;53;25;2.09;1.47;;
PST2+C;54;25;-1;0.36;;
PST2+C;55;25;3.58;0.46;;
PST2+C;56;25;3.18;-0.08;;
PST2+C;57;25;-2.63;0.95;;
PST2+C;58;25;-0.1;2.3;;
PST2+C;59;25;5.25;0.93;;
PST2+C;60;25;3.98;-0.1;;
PST3+C;61;25;2.49;1.39;;
PST3+C;62;25;3.67;-0.42;;
PST3+C;63;25;6.27;1.17;;
PST3+C;64;25;1.92;0.78;;
PST3+C;65;25;1.25;0.61;;
PST3+C;66;25;0.55;0.18;;
PST3+C;67;25;1.72;2.26;;
PST3+C;68;25;1.85;1.6;;
PST3+C;69;25;5.35;2.02;;
PST3+C;70;25;5.85;0.75;;
PST4+C;71;25;1.55;-1.29;;
PST4+C;72;25;3.26;-1;;
PST4+C;73;25;2.78;-1.35;;
PST4+C;74;25;-1.55;-0.79;;
PST4+C;75;25;4.27;0.17;;
PST4+C;76;25;1.57;-2.49;;
PST4+C;77;25;-3.81;0.03;;
PST4+C;78;25;2;-0.03;;
PST4+C;79;25;1.31;-1.65;;
PST4+C;80;25;6.47;-2.28;;
C;81;25;2.23;;;
C;82;25;3.54;;;
C;83;25;5.81;;;
C;84;25;4.07;;;
C;85;25;3.85;;;
C;86;25;4.92;;;
C;87;25;7.07;;;
C;88;25;6.33;;;
C;89;25;7.2;;;
C;90;25;3.26;;;
ST;91;25;-2.31;;;
ST;92;25;-3.57;;;
ST;93;25;-2.17;;;
ST;94;25;-1.04;;;
ST;95;25;-4.31;;;
ST;96;25;-3.08;;;
ST;97;25;-4.52;;;
ST;98;25;-5.52;;;
ST;99;25;-3.51;;;
ST;100;25;-0.37;;;
PST1;1;28;-5;-0.56;;
PST1;2;28;-9.11;-1.57;;
PST1;3;28;-7.64;-1.62;;
PST1;4;28;-4.19;-2.54;;
PST1;5;28;-8.14;-1.33;;
PST1;6;28;-4.07;0.02;;
PST1;7;28;;;;
PST1;8;28;-5.36;-0.76;;
PST1;9;28;-3.74;-0.53;;
PST1;10;28;-6.43;-5.46;;
PST2;11;28;;;;
PST2;12;28;-7.2;-1.27;;
PST2;13;28;-4.82;-0.13;;
PST2;14;28;-5.72;-0.04;;
PST2;15;28;-4.17;-1.37;;
PST2;16;28;-4.83;-0.21;;
PST2;17;28;-3.77;-0.01;;
PST2;18;28;-3.87;0.11;;
PST2;19;28;-4.96;-0.26;;
PST2;20;28;-5.06;0.05;;
PST3;21;28;-6.68;-0.11;;
PST3;22;28;-3.19;-0.11;;
PST3;23;28;;;;
PST3;24;28;;;;
PST3;25;28;-2.68;0.05;;
PST3;26;28;;;;
PST3;27;28;-7.27;-0.07;;
PST3;28;28;-4.75;-0.32;;
PST3;29;28;-3.09;-0.28;;
PST3;30;28;-5.79;-0.52;;
PST4;31;28;-4.78;-0.11;;
PST4;32;28;;;;
PST4;33;28;-4.86;-0.91;;
PST4;34;28;-5.62;-2.06;;
PST4;35;28;-4.83;-1.76;;
PST4;36;28;;;;
PST4;37;28;;;;
PST4;38;28;-8.34;-4.69;;
PST4;39;28;;;;
PST4;40;28;;;;
PST1+C;41;28;12.45;0.32;;
PST1+C;42;28;4.53;-0.63;;
PST1+C;43;28;3.38;1.39;;
PST1+C;44;28;0.07;1.28;;
PST1+C;45;28;3.56;1.65;;
PST1+C;46;28;0.79;1.24;;
PST1+C;47;28;3.66;0.18;;
PST1+C;48;28;5.66;0.09;;
PST1+C;49;28;2.71;1.13;;
PST1+C;50;28;11.48;0.63;;
PST2+C;51;28;9.84;0.18;;
PST2+C;52;28;-1.58;1.27;;
PST2+C;53;28;1.49;1.52;;
PST2+C;54;28;-1.83;0.35;;
PST2+C;55;28;3.28;0.58;;
PST2+C;56;28;3.53;-0.22;;
PST2+C;57;28;-3.08;1.17;;
PST2+C;58;28;;;;
PST2+C;59;28;5.18;0.85;;
PST2+C;60;28;4.05;-0.62;;
PST3+C;61;28;2.14;1.16;;
PST3+C;62;28;3.46;0.02;;
PST3+C;63;28;7.17;1.09;;
PST3+C;64;28;1.93;0.8;;
PST3+C;65;28;1.05;0.78;;
PST3+C;66;28;1.33;0.4;;
PST3+C;67;28;1.64;2.5;;
PST3+C;68;28;1.83;1.37;;
PST3+C;69;28;4.85;2.02;;
PST3+C;70;28;5.72;1.03;;
PST4+C;71;28;1.71;-1.68;;
PST4+C;72;28;4.31;-1.15;;
PST4+C;73;28;1.97;-0.95;;
PST4+C;74;28;-2.29;-0.87;;
PST4+C;75;28;4.53;0.21;;
PST4+C;76;28;1.66;-2.48;;
PST4+C;77;28;-5.18;0.01;;
PST4+C;78;28;1.96;0.12;;
PST4+C;79;28;0.65;-2.29;;
PST4+C;80;28;6.65;-2.69;;
C;81;28;2.36;;;
C;82;28;3.37;;;
C;83;28;6.78;;;
C;84;28;3.97;;;
C;85;28;3.42;;;
C;86;28;4.89;;;
C;87;28;6.06;;;
C;88;28;7.76;;;
C;89;28;7.3;;;
C;90;28;3.06;;;
ST;91;28;-2.64;;;
ST;92;28;-4.34;;;
ST;93;28;-2.52;;;
ST;94;28;-1.29;;;
ST;95;28;-4.74;;;
ST;96;28;-3.74;;;
ST;97;28;-4.33;;;
ST;98;28;;;;
ST;99;28;-3.89;;;
ST;100;28;-0.72;;;
PST1;1;30;-6.23;-0.61;;
PST1;2;30;;;;
PST1;3;30;-8.16;-1.83;;
PST1;4;30;-4.57;-2.62;;
PST1;5;30;;;;
PST1;6;30;;;;
PST1;7;30;;;;
PST1;8;30;-5.69;-0.78;;
PST1;9;30;-4.1;-0.51;;
PST1;10;30;-6.99;-5.52;;
PST2;11;30;;;;
PST2;12;30;;;;
PST2;13;30;-5.22;-0.23;;
PST2;14;30;-7.19;-0.07;;
PST2;15;30;-4.77;-1.4;;
PST2;16;30;;;;
PST2;17;30;-4.03;-0.08;;
PST2;18;30;;;;
PST2;19;30;;;;
PST2;20;30;-5.69;-0.02;;
PST3;21;30;;;;
PST3;22;30;-3.66;-0.22;;
PST3;23;30;;;;
PST3;24;30;;;;
PST3;25;30;-3.09;-0.01;;
PST3;26;30;;;;
PST3;27;30;;;;
PST3;28;30;-5.09;-0.34;;
PST3;29;30;-3.41;-0.32;;
PST3;30;30;-6.18;-0.59;;
PST4;31;30;;;;
PST4;32;30;;;;
PST4;33;30;;;;
PST4;34;30;;;;
PST4;35;30;;;;
PST4;36;30;;;;
PST4;37;30;;;;
PST4;38;30;;;;
PST4;39;30;;;;
PST4;40;30;;;;
PST1+C;41;30;12.04;0.46;;
PST1+C;42;30;4.07;-0.87;;
PST1+C;43;30;2.76;1.34;;
PST1+C;44;30;0.1;1.23;;
PST1+C;45;30;3.46;1.65;;
PST1+C;46;30;0.9;1.36;;
PST1+C;47;30;3.88;0.26;;
PST1+C;48;30;6.42;-0.3;;
PST1+C;49;30;2.33;1.18;;
PST1+C;50;30;10.44;0.77;;
PST2+C;51;30;9.87;0.31;;
PST2+C;52;30;-0.9;1.44;;
PST2+C;53;30;1.67;1.34;;
PST2+C;54;30;;;;
PST2+C;55;30;2.81;0.46;;
PST2+C;56;30;4.44;-0.19;;
PST2+C;57;30;-3.37;1.35;;
PST2+C;58;30;;;;
PST2+C;59;30;4.35;0.76;;
PST2+C;60;30;3.83;-0.74;;
PST3+C;61;30;3.02;1.4;;
PST3+C;62;30;3.25;-0.16;;
PST3+C;63;30;7.83;1.22;;
PST3+C;64;30;2.07;0.79;;
PST3+C;65;30;0.86;0.77;;
PST3+C;66;30;1.08;0.37;;
PST3+C;67;30;1.53;3.03;;
PST3+C;68;30;0.87;1.64;;
PST3+C;69;30;5.53;1.96;;
PST3+C;70;30;5.93;1.24;;
PST4+C;71;30;1.98;-1.75;;
PST4+C;72;30;4.65;-1.3;;
PST4+C;73;30;1.97;-1.51;;
PST4+C;74;30;-2.32;-0.89;;
PST4+C;75;30;4.19;0;;
PST4+C;76;30;1.49;-2.45;;
PST4+C;77;30;;;;
PST4+C;78;30;2.56;-0.18;;
PST4+C;79;30;0.34;-2.72;;
PST4+C;80;30;6.07;-2.77;;
C;81;30;2.26;;;
C;82;30;3.62;;;
C;83;30;7.09;;;
C;84;30;3.85;;;
C;85;30;3.46;;;
C;86;30;4.71;;;
C;87;30;;;;
C;88;30;8.26;;;
C;89;30;7.75;;;
C;90;30;3.07;;;
ST;91;30;-2.58;;;
ST;92;30;;;;
ST;93;30;-2.74;;;
ST;94;30;-1.51;;;
ST;95;30;-5.05;;;
ST;96;30;-4.05;;;
ST;97;30;-4.62;;;
ST;98;30;;;;
ST;99;30;-4.24;;;
ST;100;30;-0.99;;;
