Condition ;ID;Time;MassAdult;MassPS;MadultIni;MPSIni
PST1;1;0;0;0;22.68;35.12
PST1;2;0;0;0;26.42;33.45
PST1;3;0;0;0;21.13;31.44
PST1;4;0;0;0;26;38.58
PST1;5;0;0;0;23.91;37.91
PST1;6;0;0;0;23.07;32.44
PST1;7;0;0;0;23.8;35.11
PST1;8;0;0;0;17.84;39.94
PST1;9;0;0;0;20.38;28.33
PST1;10;0;0;0;24.22;37.39
PST2;11;0;0;0;25.3;31.69
PST2;12;0;0;0;24.92;31.85
PST2;13;0;0;0;19.58;36.54
PST2;14;0;0;0;23.13;34.88
PST2;15;0;0;0;22.16;33.14
PST2;16;0;0;0;22.75;33.51
PST2;17;0;0;0;23.15;34.31
PST2;18;0;0;0;19.45;37.6
PST2;19;0;0;0;26.49;32.92
PST2;20;0;0;0;26.45;32.91
PST3;21;0;0;0;19.76;36.58
PST3;22;0;0;0;21.07;34.34
PST3;23;0;0;0;22.07;27.82
PST3;24;0;0;0;24.53;36.63
PST3;25;0;0;0;18.39;36.45
PST3;26;0;0;0;18.95;26.27
PST3;27;0;0;0;22.52;30.62
PST3;28;0;0;0;21.27;20.09
PST3;29;0;0;0;19.82;21.12
PST3;30;0;0;0;25.37;35.12
PST4;31;0;0;0;21.38;34.51
PST4;32;0;0;0;20.65;32.52
PST4;33;0;0;0;17.49;30.7
PST4;34;0;0;0;20.16;29.86
PST4;35;0;0;0;24.26;29.93
PST4;36;0;0;0;21.03;30.36
PST4;37;0;0;0;21.73;30.18
PST4;38;0;0;0;25.16;30.82
PST4;39;0;0;0;24.07;35.32
PST4;40;0;0;0;28;31.41
PST1+C;41;0;0;0;20.17;30.28
PST1+C;42;0;0;0;21.8;30.25
PST1+C;43;0;0;0;18.85;31.26
PST1+C;44;0;0;0;17.85;32.57
PST1+C;45;0;0;0;21.1;36.22
PST1+C;46;0;0;0;23.94;35.18
PST1+C;47;0;0;0;21.73;32.04
PST1+C;48;0;0;0;18.08;36.72
PST1+C;49;0;0;0;21.65;31.74
PST1+C;50;0;0;0;19.03;31.06
PST2+C;51;0;0;0;20.33;28.28
PST2+C;52;0;0;0;24.2;28.14
PST2+C;53;0;0;0;26.98;33.47
PST2+C;54;0;0;0;28.74;35.02
PST2+C;55;0;0;0;26.02;27.35
PST2+C;56;0;0;0;15.56;30.09
PST2+C;57;0;0;0;21.93;30.89
PST2+C;58;0;0;0;20.4;38.49
PST2+C;59;0;0;0;23.18;32.43
PST2+C;60;0;0;0;16.66;30.68
PST3+C;61;0;0;0;22.7;23.09
PST3+C;62;0;0;0;25.13;19.6
PST3+C;63;0;0;0;21.46;21.31
PST3+C;64;0;0;0;23.13;29.49
PST3+C;65;0;0;0;23.97;34.23
PST3+C;66;0;0;0;19.4;24.49
PST3+C;67;0;0;0;14.84;25.5
PST3+C;68;0;0;0;19.21;30.75
PST3+C;69;0;0;0;24.3;33.04
PST3+C;70;0;0;0;21.92;21.44
PST4+C;71;0;0;0;24.24;31.09
PST4+C;72;0;0;0;23.69;34.02
PST4+C;73;0;0;0;22.12;26.51
PST4+C;74;0;0;0;21.55;31.04
PST4+C;75;0;0;0;17.35;31.8
PST4+C;76;0;0;0;21.85;35.9
PST4+C;77;0;0;0;18.96;31
PST4+C;78;0;0;0;26.72;31.75
PST4+C;79;0;0;0;20.41;31.05
PST4+C;80;0;0;0;24.25;30.83
C;81;0;0;;24.23;
C;82;0;0;;22.49;
C;83;0;0;;19.12;
C;84;0;0;;22.26;
C;85;0;0;;24.77;
C;86;0;0;;19.07;
C;87;0;0;;23.18;
C;88;0;0;;23.43;
C;89;0;0;;23.11;
C;90;0;0;;20.06;
ST;91;0;0;;29.29;
ST;92;0;0;;23.91;
ST;93;0;0;;25.35;
ST;94;0;0;;23.89;
ST;95;0;0;;15.77;
ST;96;0;0;;22.81;
ST;97;0;0;;25.47;
ST;98;0;0;;27.31;
ST;99;0;0;;28.83;
ST;100;0;0;;27.67;
PST1;1;2;2.35;-0.06;;
PST1;2;2;-0.61;-0.04;;
PST1;3;2;-0.89;-0.18;;
PST1;4;2;-0.43;-0.33;;
PST1;5;2;-0.8;-0.04;;
PST1;6;2;-0.73;-0.14;;
PST1;7;2;0.2;-0.55;;
PST1;8;2;1.67;0.09;;
PST1;9;2;-0.09;-0.05;;
PST1;10;2;0.05;-0.38;;
PST2;11;2;-1.05;-0.41;;
PST2;12;2;-0.42;-0.34;;
PST2;13;2;-0.85;-0.27;;
PST2;14;2;-0.86;-0.38;;
PST2;15;2;0.56;-0.18;;
PST2;16;2;-0.62;-0.24;;
PST2;17;2;-0.61;-0.18;;
PST2;18;2;-0.64;-0.08;;
PST2;19;2;-0.82;-0.43;;
PST2;20;2;1.4;-1.04;;
PST3;21;2;-0.62;-0.14;;
PST3;22;2;-0.81;-0.05;;
PST3;23;2;-0.57;-0.15;;
PST3;24;2;-1;-1.17;;
PST3;25;2;-0.02;-0.15;;
PST3;26;2;1.25;-0.18;;
PST3;27;2;4.71;-0.11;;
PST3;28;2;-0.58;-0.14;;
PST3;29;2;1.43;-0.18;;
PST3;30;2;1.78;0;;
PST4;31;2;-0.73;-0.08;;
PST4;32;2;-0.62;-0.07;;
PST4;33;2;0.23;-0.87;;
PST4;34;2;-0.59;-0.1;;
PST4;35;2;1.28;-1.05;;
PST4;36;2;3.28;-0.09;;
PST4;37;2;-0.65;-0.06;;
PST4;38;2;-0.95;-0.18;;
PST4;39;2;-1.1;-2.6;;
PST4;40;2;2.24;-1.4;;
PST1+C;41;2;-0.58;-0.04;;
PST1+C;42;2;0.02;0.28;;
PST1+C;43;2;1.88;0.03;;
PST1+C;44;2;-0.64;0.4;;
PST1+C;45;2;0.69;0.61;;
PST1+C;46;2;0.95;0.23;;
PST1+C;47;2;-1.1;-0.51;;
PST1+C;48;2;1.81;0.14;;
PST1+C;49;2;3.14;0.04;;
PST1+C;50;2;2.64;0.29;;
PST2+C;51;2;0.83;0.38;;
PST2+C;52;2;1.82;0.13;;
PST2+C;53;2;-2.02;-0.48;;
PST2+C;54;2;-0.04;0.19;;
PST2+C;55;2;0.34;0.17;;
PST2+C;56;2;-0.38;0.2;;
PST2+C;57;2;0.85;0.01;;
PST2+C;58;2;2.73;0.16;;
PST2+C;59;2;-0.5;0.02;;
PST2+C;60;2;1.93;0.22;;
PST3+C;61;2;2.37;-0.43;;
PST3+C;62;2;-0.05;-0.09;;
PST3+C;63;2;0.62;0.24;;
PST3+C;64;2;0.53;0.32;;
PST3+C;65;2;0.1;0.19;;
PST3+C;66;2;1.17;0.22;;
PST3+C;67;2;-0.31;0.23;;
PST3+C;68;2;-0.47;0.27;;
PST3+C;69;2;0.28;0.34;;
PST3+C;70;2;1.27;0.31;;
PST4+C;71;2;0.72;0.06;;
PST4+C;72;2;-1.43;-1.06;;
PST4+C;73;2;0.52;-0.56;;
PST4+C;74;2;-0.17;-0.19;;
PST4+C;75;2;1.39;-0.37;;
PST4+C;76;2;2.61;0.27;;
PST4+C;77;2;1.07;-0.89;;
PST4+C;78;2;-0.09;0.11;;
PST4+C;79;2;0.43;0.18;;
PST4+C;80;2;-1.07;0.24;;
C;81;2;2.25;;;
C;82;2;2.03;;;
C;83;2;-0.6;;;
C;84;2;0.32;;;
C;85;2;0.16;;;
C;86;2;4.4;;;
C;87;2;0.94;;;
C;88;2;0.62;;;
C;89;2;3.06;;;
C;90;2;1.3;;;
ST;91;2;-0.97;;;
ST;92;2;-0.77;;;
ST;93;2;-0.73;;;
ST;94;2;-0.66;;;
ST;95;2;1;;;
ST;96;2;-0.81;;;
ST;97;2;-0.86;;;
ST;98;2;-1.51;;;
ST;99;2;-1.14;;;
ST;100;2;-0.74;;;
PST1;1;4;2.36;-0.15;;
PST1;2;4;-1.22;-0.06;;
PST1;3;4;-1.55;-0.26;;
PST1;4;4;-0.01;-0.59;;
PST1;5;4;1.04;-0.97;;
PST1;6;4;-0.92;-0.26;;
PST1;7;4;0.03;-0.76;;
PST1;8;4;0.77;-1.13;;
PST1;9;4;-1.13;-0.09;;
PST1;10;4;-0.77;-0.59;;
PST2;11;4;-1.81;-0.6;;
PST2;12;4;-0.17;-0.46;;
PST2;13;4;-1.41;-0.38;;
PST2;14;4;0.15;-0.91;;
PST2;15;4;0.64;-0.54;;
PST2;16;4;-1.13;-0.14;;
PST2;17;4;-0.78;-0.21;;
PST2;18;4;-0.88;-0.13;;
PST2;19;4;-1.73;-0.71;;
PST2;20;4;0.64;-2.19;;
PST3;21;4;1.67;-0.21;;
PST3;22;4;-1.45;-0.17;;
PST3;23;4;0.55;-0.12;;
PST3;24;4;-1.73;-1.45;;
PST3;25;4;0.37;-0.23;;
PST3;26;4;0.13;-0.21;;
PST3;27;4;5.77;-0.14;;
PST3;28;4;-0.33;-0.19;;
PST3;29;4;1.84;-0.17;;
PST3;30;4;1.25;-0.14;;
PST4;31;4;-1.31;-0.13;;
PST4;32;4;-1.32;-1.93;;
PST4;33;4;-0.46;-0.97;;
PST4;34;4;0.6;-0.03;;
PST4;35;4;0.53;-2.94;;
PST4;36;4;2.56;-0.08;;
PST4;37;4;-0.48;0.02;;
PST4;38;4;-0.78;-0.41;;
PST4;39;4;-1.96;-3.14;;
PST4;40;4;1.3;-2.5;;
PST1+C;41;4;2.93;0.03;;
PST1+C;42;4;2.13;0.37;;
PST1+C;43;4;2.37;-0.09;;
PST1+C;44;4;-0.94;-0.13;;
PST1+C;45;4;3.06;0.06;;
PST1+C;46;4;1.56;0.12;;
PST1+C;47;4;-2.37;-0.67;;
PST1+C;48;4;2.64;-0.35;;
PST1+C;49;4;4.09;0.05;;
PST1+C;50;4;3.15;0.22;;
PST2+C;51;4;3.18;0.53;;
PST2+C;52;4;1.38;0.19;;
PST2+C;53;4;-1.29;-1.25;;
PST2+C;54;4;-0.27;-0.02;;
PST2+C;55;4;1.99;0.16;;
PST2+C;56;4;0.64;0.3;;
PST2+C;57;4;1.9;0.12;;
PST2+C;58;4;2.44;-0.39;;
PST2+C;59;4;0.66;-0.28;;
PST2+C;60;4;2.82;-0.11;;
PST3+C;61;4;3.07;-0.27;;
PST3+C;62;4;1.09;-0.13;;
PST3+C;63;4;2.36;0.12;;
PST3+C;64;4;2.2;0.18;;
PST3+C;65;4;0.84;0.27;;
PST3+C;66;4;1.39;0.17;;
PST3+C;67;4;-1.34;0.28;;
PST3+C;68;4;0.91;0.2;;
PST3+C;69;4;1.18;0.36;;
PST3+C;70;4;0.96;0.26;;
PST4+C;71;4;1.22;0.11;;
PST4+C;72;4;0.05;-3.21;;
PST4+C;73;4;1.56;-0.96;;
PST4+C;74;4;1.04;-0.38;;
PST4+C;75;4;1.18;-0.18;;
PST4+C;76;4;2.39;0.06;;
PST4+C;77;4;1.47;-0.93;;
PST4+C;78;4;1.48;-0.04;;
PST4+C;79;4;2.73;0.44;;
PST4+C;80;4;-1.25;0.21;;
C;81;4;1.71;;;
C;82;4;2.66;;;
C;83;4;1.26;;;
C;84;4;-0.08;;;
C;85;4;2.8;;;
C;86;4;6.29;;;
C;87;4;3.29;;;
C;88;4;0.54;;;
C;89;4;4.36;;;
C;90;4;1.2;;;
ST;91;4;-1.85;;;
ST;92;4;-1.98;;;
ST;93;4;0.05;;;
ST;94;4;-1.34;;;
ST;95;4;0.47;;;
ST;96;4;-1.4;;;
ST;97;4;-1.68;;;
ST;98;4;-4.23;;;
ST;99;4;-1.62;;;
ST;100;4;-1.54;;;
PST1;1;7;1.28;-0.33;;
PST1;2;7;-2.17;-0.18;;
PST1;3;7;-2.25;-0.38;;
PST1;4;7;-0.34;-0.67;;
PST1;5;7;-0.4;-4.07;;
PST1;6;7;-1.83;-0.31;;
PST1;7;7;-0.64;-0.73;;
PST1;8;7;0.15;-1.25;;
PST1;9;7;-2.74;-0.13;;
PST1;10;7;-1.98;-1.31;;
PST2;11;7;-2.99;-0.69;;
PST2;12;7;-0.35;-0.58;;
PST2;13;7;0.08;-0.63;;
PST2;14;7;-1.41;-1.66;;
PST2;15;7;0.85;-0.77;;
PST2;16;7;-1.85;-0.28;;
PST2;17;7;-1.61;-0.26;;
PST2;18;7;-0.66;-0.24;;
PST2;19;7;-2.63;-1.03;;
PST2;20;7;0.98;-2.14;;
PST3;21;7;1.36;-0.31;;
PST3;22;7;-1.51;-0.22;;
PST3;23;7;1.05;-0.24;;
PST3;24;7;-1.41;-2.66;;
PST3;25;7;-0.26;-0.31;;
PST3;26;7;0.27;-0.27;;
PST3;27;7;4.71;-0.21;;
PST3;28;7;0.91;-0.36;;
PST3;29;7;1.29;-0.22;;
PST3;30;7;0.33;-0.2;;
PST4;31;7;-2.19;-0.14;;
PST4;32;7;-0.51;-5.13;;
PST4;33;7;0.22;-1.2;;
PST4;34;7;0.58;-0.22;;
PST4;35;7;0.75;-5.01;;
PST4;36;7;1.45;-0.13;;
PST4;37;7;-0.73;-0.01;;
PST4;38;7;-1.95;-0.52;;
PST4;39;7;-1.62;-3.89;;
PST4;40;7;0.78;-2.87;;
PST1+C;41;7;1.9;0.09;;
PST1+C;42;7;3.22;-0.02;;
PST1+C;43;7;2.25;-0.26;;
PST1+C;44;7;-3.6;0.31;;
PST1+C;45;7;3.07;0.19;;
PST1+C;46;7;3.98;0.03;;
PST1+C;47;7;-1.79;-0.77;;
PST1+C;48;7;3.79;-0.61;;
PST1+C;49;7;3.03;-0.21;;
PST1+C;50;7;2.98;0.22;;
PST2+C;51;7;2.37;-0.02;;
PST2+C;52;7;1.81;-0.33;;
PST2+C;53;7;-0.62;-1.96;;
PST2+C;54;7;-1.09;0.27;;
PST2+C;55;7;3.47;0.18;;
PST2+C;56;7;2.26;0.36;;
PST2+C;57;7;1.42;0.04;;
PST2+C;58;7;3.17;-0.6;;
PST2+C;59;7;1.32;-0.17;;
PST2+C;60;7;2.96;-0.36;;
PST3+C;61;7;2.9;-0.44;;
PST3+C;62;7;0.21;-0.4;;
PST3+C;63;7;3.16;0.24;;
PST3+C;64;7;4.57;0.27;;
PST3+C;65;7;3;0.25;;
PST3+C;66;7;0.3;0.15;;
PST3+C;67;7;-2.22;0.27;;
PST3+C;68;7;0.77;0.34;;
PST3+C;69;7;3;0.43;;
PST3+C;70;7;1.39;0.28;;
PST4+C;71;7;0.28;0.16;;
PST4+C;72;7;-0.03;-5.53;;
PST4+C;73;7;1.88;-1.32;;
PST4+C;74;7;0.88;-0.58;;
PST4+C;75;7;1.23;-0.26;;
PST4+C;76;7;2.36;-0.22;;
PST4+C;77;7;0.59;-0.87;;
PST4+C;78;7;1.36;-0.15;;
PST4+C;79;7;2.36;-0.43;;
PST4+C;80;7;-1.93;0.15;;
C;81;7;0.67;;;
C;82;7;2.54;;;
C;83;7;0.88;;;
C;84;7;-0.67;;;
C;85;7;2.89;;;
C;86;7;5.56;;;
C;87;7;2.21;;;
C;88;7;0.79;;;
C;89;7;3.66;;;
C;90;7;1.55;;;
ST;91;7;-2.64;;;
ST;92;7;-2.79;;;
ST;93;7;-0.82;;;
ST;94;7;-2.12;;;
ST;95;7;0.19;;;
ST;96;7;-2.39;;;
ST;97;7;-2.83;;;
ST;98;7;-3.12;;;
ST;99;7;-2.61;;;
ST;100;7;-3.65;;;
PST1;1;9;2.2;-0.15;;
PST1;2;9;-2.83;-0.05;;
PST1;3;9;-2.9;-0.37;;
PST1;4;9;0.26;-0.69;;
PST1;5;9;-1.5;-6.7;;
PST1;6;9;-2.33;-0.2;;
PST1;7;9;0.04;-0.88;;
PST1;8;9;-0.54;-1.86;;
PST1;9;9;-2.14;-0.19;;
PST1;10;9;-2.21;-1.52;;
PST2;11;9;-3.74;-0.84;;
PST2;12;9;-0.41;-0.65;;
PST2;13;9;0.77;-0.64;;
PST2;14;9;-0.15;-2.03;;
PST2;15;9;0.42;-0.89;;
PST2;16;9;-0.62;-0.1;;
PST2;17;9;-0.58;-0.21;;
PST2;18;9;-1.23;-0.12;;
PST2;19;9;-2.03;-0.93;;
PST2;20;9;0.36;-2.4;;
PST3;21;9;1.44;-0.28;;
PST3;22;9;-2.15;-0.15;;
PST3;23;9;0.61;-0.15;;
PST3;24;9;1.8;-2.8;;
PST3;25;9;-0.77;-0.22;;
PST3;26;9;1.04;-0.24;;
PST3;27;9;4.44;-0.18;;
PST3;28;9;1.06;-0.3;;
PST3;29;9;1.64;-0.2;;
PST3;30;9;-0.15;-0.15;;
PST4;31;9;-2.69;0.04;;
PST4;32;9;-0.09;-6.2;;
PST4;33;9;-0.39;-1.13;;
PST4;34;9;-0.01;-0.22;;
PST4;35;9;1.3;-5.35;;
PST4;36;9;0.72;-0.14;;
PST4;37;9;-1.34;0.02;;
PST4;38;9;-0.42;-0.63;;
PST4;39;9;-1.63;-6.7;;
PST4;40;9;-0.09;-4.8;;
PST1+C;41;9;1.95;0.06;;
PST1+C;42;9;3.45;-0.07;;
PST1+C;43;9;1.79;-0.19;;
PST1+C;44;9;;;;
PST1+C;45;9;2.53;0.19;;
PST1+C;46;9;4.89;0.08;;
PST1+C;47;9;-1.76;-0.47;;
PST1+C;48;9;3.49;-0.76;;
PST1+C;49;9;2.95;-0.16;;
PST1+C;50;9;3.18;0.29;;
PST2+C;51;9;1.73;0.54;;
PST2+C;52;9;2.36;0.08;;
PST2+C;53;9;2.36;-1.85;;
PST2+C;54;9;1.48;0.08;;
PST2+C;55;9;2.8;0.26;;
PST2+C;56;9;2.67;0.52;;
PST2+C;57;9;1.35;0.15;;
PST2+C;58;9;2.91;-0.36;;
PST2+C;59;9;1.81;-0.24;;
PST2+C;60;9;2.65;-0.66;;
PST3+C;61;9;2.92;-0.31;;
PST3+C;62;9;-0.53;-0.89;;
PST3+C;63;9;3.37;0.27;;
PST3+C;64;9;5.15;0.37;;
PST3+C;65;9;2.49;0.33;;
PST3+C;66;9;1.34;3.25;;
PST3+C;67;9;-3.13;0.31;;
PST3+C;68;9;1.27;0.41;;
PST3+C;69;9;3.59;0.55;;
PST3+C;70;9;1.42;0.34;;
PST4+C;71;9;-0.49;-0.06;;
PST4+C;72;9;-0.84;-6.12;;
PST4+C;73;9;2.47;-1.4;;
PST4+C;74;9;1.06;-0.59;;
PST4+C;75;9;0.81;-0.26;;
PST4+C;76;9;3.7;-0.45;;
PST4+C;77;9;0.36;-0.9;;
PST4+C;78;9;2.34;-0.62;;
PST4+C;79;9;2.14;-0.68;;
PST4+C;80;9;-1.83;0.15;;
C;81;9;-0.14;;;
C;82;9;1.31;;;
C;83;9;0.9;;;
C;84;9;-1.01;;;
C;85;9;2.7;;;
C;86;9;5.02;;;
C;87;9;3.52;;;
C;88;9;1.79;;;
C;89;9;3.5;;;
C;90;9;0.81;;;
ST;91;9;-3.39;;;
ST;92;9;-3.35;;;
ST;93;9;-1.44;;;
ST;94;9;-2.64;;;
ST;95;9;-0.37;;;
ST;96;9;-2.99;;;
ST;97;9;-3.52;;;
ST;98;9;-3.67;;;
ST;99;9;-2.21;;;
ST;100;9;-1.99;;;
PST1;1;11;1.65;-0.34;;
PST1;2;11;-3.37;-0.14;;
PST1;3;11;-2.62;-0.35;;
PST1;4;11;-0.3;-0.75;;
PST1;5;11;-1.24;-8.8;;
PST1;6;11;-2.91;-0.32;;
PST1;7;11;-0.53;-1.1;;
PST1;8;11;-0.67;-2.24;;
PST1;9;11;-0.44;-0.33;;
PST1;10;11;-2.24;-1.56;;
PST2;11;11;-3.22;-1.63;;
PST2;12;11;-0.18;-0.71;;
PST2;13;11;1.44;-0.81;;
PST2;14;11;-0.84;-2.23;;
PST2;15;11;-0.29;-0.7;;
PST2;16;11;-1.09;-0.26;;
PST2;17;11;-0.11;-0.29;;
PST2;18;11;-1.09;-0.22;;
PST2;19;11;-0.86;-1.15;;
PST2;20;11;-0.15;-2.34;;
PST3;21;11;1.19;-0.37;;
PST3;22;11;0.79;-0.23;;
PST3;23;11;0.16;-0.22;;
PST3;24;11;1.37;-2.9;;
PST3;25;11;-0.1;-0.29;;
PST3;26;11;1.09;-0.32;;
PST3;27;11;4.06;-0.23;;
PST3;28;11;1;-0.35;;
PST3;29;11;1.09;-0.25;;
PST3;30;11;-0.59;-0.2;;
PST4;31;11;-1.75;-0.21;;
PST4;32;11;-0.73;-8.64;;
PST4;33;11;-0.61;-1.22;;
PST4;34;11;0.36;-1.4;;
PST4;35;11;0.97;-6.28;;
PST4;36;11;0.26;-0.15;;
PST4;37;11;-0.12;-0.05;;
PST4;38;11;-1.13;-0.75;;
PST4;39;11;-2.27;-6.61;;
PST4;40;11;-0.98;-4.8;;
PST1+C;41;11;2.84;0.04;;
PST1+C;42;11;3.21;-1.09;;
PST1+C;43;11;2.23;-0.7;;
PST1+C;44;11;;;;
PST1+C;45;11;2.65;0.03;;
PST1+C;46;11;4.57;-0.17;;
PST1+C;47;11;0.64;-0.56;;
PST1+C;48;11;2.41;-1.25;;
PST1+C;49;11;3.27;-0.11;;
PST1+C;50;11;3.65;0.25;;
PST2+C;51;11;1.57;0;;
PST2+C;52;11;1.65;-0.24;;
PST2+C;53;11;3;-2.24;;
PST2+C;54;11;0.93;-0.07;;
PST2+C;55;11;2.58;0.24;;
PST2+C;56;11;2.84;0.62;;
PST2+C;57;11;1.24;0.07;;
PST2+C;58;11;2.86;-0.41;;
PST2+C;59;11;0.58;-0.23;;
PST2+C;60;11;2.49;-0.73;;
PST3+C;61;11;2.71;-0.15;;
PST3+C;62;11;-0.05;-1.05;;
PST3+C;63;11;3.63;0.31;;
PST3+C;64;11;4.35;0.24;;
PST3+C;65;11;2.86;0.11;;
PST3+C;66;11;0.97;0.2;;
PST3+C;67;11;;;;
PST3+C;68;11;1.09;0.39;;
PST3+C;69;11;3.93;0.6;;
PST3+C;70;11;1.65;0.34;;
PST4+C;71;11;1.19;-0.07;;
PST4+C;72;11;-0.36;-8.57;;
PST4+C;73;11;2.38;-1.58;;
PST4+C;74;11;0.72;-0.85;;
PST4+C;75;11;1.13;-0.46;;
PST4+C;76;11;3.75;-0.38;;
PST4+C;77;11;1.71;-1.04;;
PST4+C;78;11;2.03;-0.72;;
PST4+C;79;11;2.01;-0.83;;
PST4+C;80;11;0.35;0.1;;
C;81;11;-0.51;;;
C;82;11;2.51;;;
C;83;11;0.97;;;
C;84;11;-1.02;;;
C;85;11;2.6;;;
C;86;11;4.76;;;
C;87;11;3.14;;;
C;88;11;1.25;;;
C;89;11;4.51;;;
C;90;11;0.81;;;
ST;91;11;-2.13;;;
ST;92;11;-2.19;;;
ST;93;11;-1.96;;;
ST;94;11;-3.07;;;
ST;95;11;-0.79;;;
ST;96;11;-0.52;;;
ST;97;11;-1.91;;;
ST;98;11;-4.07;;;
ST;99;11;-2.61;;;
ST;100;11;-2.45;;;
PST1;1;14;0.69;-0.37;;
PST1;2;14;-4.2;-0.22;;
PST1;3;14;-3.56;-0.54;;
PST1;4;14;-1.3;-0.87;;
PST1;5;14;0.79;-9.84;;
PST1;6;14;-3.28;-0.36;;
PST1;7;14;-1.37;-1.15;;
PST1;8;14;-1.04;-2.36;;
PST1;9;14;-1.37;-0.45;;
PST1;10;14;-3.23;-1.85;;
PST2;11;14;-4.43;-1.43;;
PST2;12;14;-1.09;-0.73;;
PST2;13;14;0.23;-0.88;;
PST2;14;14;-1.84;-1.93;;
PST2;15;14;-0.42;-0.86;;
PST2;16;14;-1.81;-0.31;;
PST2;17;14;-0.84;-0.38;;
PST2;18;14;-1.87;-0.26;;
PST2;19;14;-2.23;-1.18;;
PST2;20;14;-0.95;-2.72;;
PST3;21;14;0.98;-0.44;;
PST3;22;14;-0.11;-0.31;;
PST3;23;14;-0.03;-0.29;;
PST3;24;14;0.39;-3.05;;
PST3;25;14;0.11;-0.36;;
PST3;26;14;-0.58;-0.37;;
PST3;27;14;2.44;-0.24;;
PST3;28;14;0.65;-0.38;;
PST3;29;14;0.15;-0.23;;
PST3;30;14;-1.26;-0.31;;
PST4;31;14;-2.63;-0.23;;
PST4;32;14;-1.66;-9.68;;
PST4;33;14;-0.78;-1.32;;
PST4;34;14;-0.56;-2.22;;
PST4;35;14;0.77;-6.29;;
PST4;36;14;-0.57;-0.14;;
PST4;37;14;-0.26;0.05;;
PST4;38;14;-2.36;-0.68;;
PST4;39;14;-3.33;-6.99;;
PST4;40;14;-2.24;-5.05;;
PST1+C;41;14;2.87;0.01;;
PST1+C;42;14;3.26;-1.12;;
PST1+C;43;14;2;-0.59;;
PST1+C;44;14;;;;
PST1+C;45;14;3.12;-0.13;;
PST1+C;46;14;3.61;-0.34;;
PST1+C;47;14;-0.17;-0.39;;
PST1+C;48;14;0.98;-1.33;;
PST1+C;49;14;3.22;-0.13;;
PST1+C;50;14;2.96;0.04;;
PST2+C;51;14;2;0.33;;
PST2+C;52;14;1.32;-0.14;;
PST2+C;53;14;1.37;-2.74;;
PST2+C;54;14;-0.15;-0.15;;
PST2+C;55;14;2.24;0.19;;
PST2+C;56;14;2.25;0.5;;
PST2+C;57;14;1.32;0.34;;
PST2+C;58;14;1.7;-0.53;;
PST2+C;59;14;-0.14;-0.32;;
PST2+C;60;14;2.57;-0.96;;
PST3+C;61;14;1.99;-0.17;;
PST3+C;62;14;2.48;-1.04;;
PST3+C;63;14;3.14;-0.03;;
PST3+C;64;14;4.47;0.25;;
PST3+C;65;14;1.78;0.04;;
PST3+C;66;14;1;0.14;;
PST3+C;67;14;;;;
PST3+C;68;14;0.74;0.34;;
PST3+C;69;14;3.06;0.45;;
PST3+C;70;14;1.06;0.3;;
PST4+C;71;14;0.39;-0.04;;
PST4+C;72;14;-0.22;-9.07;;
PST4+C;73;14;1.18;-1.99;;
PST4+C;74;14;0.13;-0.93;;
PST4+C;75;14;0.54;-0.42;;
PST4+C;76;14;2.83;-0.49;;
PST4+C;77;14;0.92;-1;;
PST4+C;78;14;2.57;-0.74;;
PST4+C;79;14;-0.12;-0.58;;
PST4+C;80;14;0.57;0.11;;
C;81;14;-0.17;;;
C;82;14;1.61;;;
C;83;14;0.03;;;
C;84;14;-1.9;;;
C;85;14;-0.75;;;
C;86;14;2.58;;;
C;87;14;3.9;;;
C;88;14;0.34;;;
C;89;14;4.11;;;
C;90;14;1.59;;;
ST;91;14;-3.34;;;
ST;92;14;-2.93;;;
ST;93;14;-2.82;;;
ST;94;14;-3.75;;;
ST;95;14;-0.3;;;
ST;96;14;-0.33;;;
ST;97;14;-2.83;;;
ST;98;14;-4.84;;;
ST;99;14;-3.91;;;
ST;100;14;-3.46;;;
PST1;1;16;1.06;-0.35;;
PST1;2;16;-3.8;-0.22;;
PST1;3;16;-4.15;-0.56;;
PST1;4;16;0.08;-0.86;;
PST1;5;16;0.94;-10.22;;
PST1;6;16;-3.76;-0.35;;
PST1;7;16;-1.59;-1.18;;
PST1;8;16;-1.72;-2.29;;
PST1;9;16;-0.17;-0.37;;
PST1;10;16;-3.44;-1.79;;
PST2;11;16;-4.4;-1.62;;
PST2;12;16;-1.13;-0.65;;
PST2;13;16;0.29;-0.87;;
PST2;14;16;-0.83;-2.41;;
PST2;15;16;-0.06;-0.84;;
PST2;16;16;-1.78;-0.33;;
PST2;17;16;-0.98;-0.31;;
PST2;18;16;-1.13;-0.29;;
PST2;19;16;-1.88;-1.4;;
PST2;20;16;-0.97;-2.63;;
PST3;21;16;0.71;-0.44;;
PST3;22;16;-0.74;-0.27;;
PST3;23;16;0.2;-0.26;;
PST3;24;16;-0.5;-3.23;;
PST3;25;16;0.28;-0.31;;
PST3;26;16;-0.16;-0.38;;
PST3;27;16;2.78;-0.23;;
PST3;28;16;0.9;-0.38;;
PST3;29;16;-0.42;-0.28;;
PST3;30;16;-0.41;-0.3;;
PST4;31;16;-2.45;-0.2;;
PST4;32;16;-0.19;-10.47;;
PST4;33;16;-0.28;-1.36;;
PST4;34;16;-0.35;-2.87;;
PST4;35;16;0.95;-6.15;;
PST4;36;16;1.49;-0.16;;
PST4;37;16;-0.01;-0.03;;
PST4;38;16;-0.01;-0.81;;
PST4;39;16;-2.53;-6.88;;
PST4;40;16;-0.38;-4.95;;
PST1+C;41;16;2.64;0.04;;
PST1+C;42;16;2.58;-1.1;;
PST1+C;43;16;1.68;-0.64;;
PST1+C;44;16;;;;
PST1+C;45;16;3.47;0;;
PST1+C;46;16;3.12;-0.31;;
PST1+C;47;16;3.78;-0.36;;
PST1+C;48;16;0.34;-1.43;;
PST1+C;49;16;3.53;0.07;;
PST1+C;50;16;2.68;0.18;;
PST2+C;51;16;2.65;0.02;;
PST2+C;52;16;1.45;-0.18;;
PST2+C;53;16;1.63;-2.47;;
PST2+C;54;16;2.74;-0.1;;
PST2+C;55;16;1.66;0.27;;
PST2+C;56;16;2.14;0.68;;
PST2+C;57;16;1.68;0.17;;
PST2+C;58;16;1.77;-0.49;;
PST2+C;59;16;0.77;-0.31;;
PST2+C;60;16;3.11;-0.68;;
PST3+C;61;16;2.56;-0.05;;
PST3+C;62;16;3.58;-1.05;;
PST3+C;63;16;3.38;0.15;;
PST3+C;64;16;4.39;0.3;;
PST3+C;65;16;3.36;0.19;;
PST3+C;66;16;1.57;0.24;;
PST3+C;67;16;;;;
PST3+C;68;16;1.03;0.42;;
PST3+C;69;16;2.21;0.53;;
PST3+C;70;16;0.58;0.28;;
PST4+C;71;16;-0.35;0.01;;
PST4+C;72;16;0.08;-9.97;;
PST4+C;73;16;0.72;-2.01;;
PST4+C;74;16;1.77;-1.19;;
PST4+C;75;16;0.91;-0.46;;
PST4+C;76;16;2.93;-0.32;;
PST4+C;77;16;1.15;-0.98;;
PST4+C;78;16;2.14;-0.68;;
PST4+C;79;16;-0.77;-0.69;;
PST4+C;80;16;0.81;0.07;;
C;81;16;-0.85;;;
C;82;16;3;;;
C;83;16;1.13;;;
C;84;16;-1.53;;;
C;85;16;2.63;;;
C;86;16;4.5;;;
C;87;16;4.23;;;
C;88;16;1.54;;;
C;89;16;3.33;;;
C;90;16;1.45;;;
ST;91;16;-4.18;;;
ST;92;16;-2.57;;;
ST;93;16;-3.02;;;
ST;94;16;-2.95;;;
ST;95;16;-0.9;;;
ST;96;16;-0.89;;;
ST;97;16;-3.56;;;
ST;98;16;-5.42;;;
ST;99;16;-3.35;;;
ST;100;16;-4.17;;;
PST1;1;18;0.49;-0.41;;
PST1;2;18;-1.77;-0.22;;
PST1;3;18;-2.6;-0.55;;
PST1;4;18;-0.44;-0.94;;
PST1;5;18;0.21;-11.01;;
PST1;6;18;-2.63;-0.39;;
PST1;7;18;-0.67;-1.21;;
PST1;8;18;-0.83;-2.4;;
PST1;9;18;-0.77;-0.44;;
PST1;10;18;-2.71;-2.01;;
PST2;11;18;-3.31;-1.93;;
PST2;12;18;-0.53;-0.69;;
PST2;13;18;1.12;-1.09;;
PST2;14;18;-1.47;-3.56;;
PST2;15;18;0.11;-1.03;;
PST2;16;18;-0.67;-0.3;;
PST2;17;18;-0.85;-0.29;;
PST2;18;18;0.03;-0.28;;
PST2;19;18;-2.37;-2.34;;
PST2;20;18;-0.6;-3.19;;
PST3;21;18;0.48;-0.4;;
PST3;22;18;-0.34;-0.25;;
PST3;23;18;1.04;-0.23;;
PST3;24;18;-0.19;-3.45;;
PST3;25;18;-0.11;-0.32;;
PST3;26;18;0.18;-0.35;;
PST3;27;18;2.47;-0.24;;
PST3;28;18;0.45;-0.36;;
PST3;29;18;1.95;9.73;;
PST3;30;18;1.66;-0.24;;
PST4;31;18;-2;-0.21;;
PST4;32;18;-0.73;-1.39;;
PST4;33;18;-0.72;-1.41;;
PST4;34;18;-0.07;-3.42;;
PST4;35;18;1.59;-7.03;;
PST4;36;18;1.69;-0.1;;
PST4;37;18;-0.46;0.02;;
PST4;38;18;-0.55;-0.81;;
PST4;39;18;-2.52;-9.28;;
PST4;40;18;0.43;-5.99;;
PST1+C;41;18;2.99;0.11;;
PST1+C;42;18;2.42;-1.11;;
PST1+C;43;18;2.83;-0.71;;
PST1+C;44;18;;;;
PST1+C;45;18;3.56;-0.01;;
PST1+C;46;18;4.77;-0.11;;
PST1+C;47;18;3.91;-0.3;;
PST1+C;48;18;1.02;-1.54;;
PST1+C;49;18;3.39;-0.21;;
PST1+C;50;18;3.21;0.16;;
PST2+C;51;18;2.63;-0.01;;
PST2+C;52;18;2.52;-0.14;;
PST2+C;53;18;3.12;-2.56;;
PST2+C;54;18;3.52;-0.24;;
PST2+C;55;18;3.34;0.25;;
PST2+C;56;18;2.04;0.17;;
PST2+C;57;18;1.13;0.15;;
PST2+C;58;18;1.87;-0.36;;
PST2+C;59;18;0.14;-0.46;;
PST2+C;60;18;1;-0.42;;
PST3+C;61;18;2.67;0.17;;
PST3+C;62;18;3.59;-0.88;;
PST3+C;63;18;3.74;1.17;;
PST3+C;64;18;5.25;0.36;;
PST3+C;65;18;3.14;0.17;;
PST3+C;66;18;1.34;0.25;;
PST3+C;67;18;;;;
PST3+C;68;18;1.25;0.43;;
PST3+C;69;18;1.67;0.53;;
PST3+C;70;18;1.1;0.28;;
PST4+C;71;18;0.98;-0.01;;
PST4+C;72;18;0.11;-11.35;;
PST4+C;73;18;1.83;-1.97;;
PST4+C;74;18;1.81;-1.14;;
PST4+C;75;18;2.16;-0.68;;
PST4+C;76;18;2.78;-0.5;;
PST4+C;77;18;0.69;-0.98;;
PST4+C;78;18;3.01;-1.08;;
PST4+C;79;18;1.1;-1.21;;
PST4+C;80;18;0.81;0.12;;
C;81;18;0.55;;;
C;82;18;3.4;;;
C;83;18;0.56;;;
C;84;18;-1.65;;;
C;85;18;2.27;;;
C;86;18;5.55;;;
C;87;18;3.86;;;
C;88;18;1.73;;;
C;89;18;4.04;;;
C;90;18;1.6;;;
ST;91;18;-2.69;;;
ST;92;18;-2.97;;;
ST;93;18;-0.42;;;
ST;94;18;-3.09;;;
ST;95;18;-0.75;;;
ST;96;18;-1.42;;;
ST;97;18;-2.27;;;
ST;98;18;-5.9;;;
ST;99;18;-2.36;;;
ST;100;18;-2.95;;;
PST1;1;21;0.02;-0.45;;
PST1;2;21;-2.57;-0.63;;
PST1;3;21;-3.45;-0.56;;
PST1;4;21;-1.37;-0.93;;
PST1;5;21;1.61;-11.48;;
PST1;6;21;-2.95;-0.49;;
PST1;7;21;-1.04;-1.38;;
PST1;8;21;-1.62;-2.51;;
PST1;9;21;-0.74;-0.4;;
PST1;10;21;-3.07;-1.89;;
PST2;11;21;-4.4;-3.32;;
PST2;12;21;-0.89;-0.74;;
PST2;13;21;0.26;-1.12;;
PST2;14;21;-1.51;-3.82;;
PST2;15;21;0.39;-1.04;;
PST2;16;21;-1.4;-0.26;;
PST2;17;21;-1.56;-0.29;;
PST2;18;21;-0.61;-0.24;;
PST2;19;21;-2.7;-2.86;;
PST2;20;21;-1.23;-3.23;;
PST3;21;21;0.28;-0.4;;
PST3;22;21;-0.66;-0.18;;
PST3;23;21;0.44;-0.2;;
PST3;24;21;0.16;-3.47;;
PST3;25;21;0.15;-0.27;;
PST3;26;21;-0.29;-0.3;;
PST3;27;21;1.8;-0.21;;
PST3;28;21;-0.02;-0.35;;
PST3;29;21;1.21;-0.28;;
PST3;30;21;0.98;-0.25;;
PST4;31;21;-2.57;-0.21;;
PST4;32;21;-0.47;-11.93;;
PST4;33;21;-1.45;-1.51;;
PST4;34;21;-0.76;-3.76;;
PST4;35;21;1.6;-6.89;;
PST4;36;21;1.8;-0.14;;
PST4;37;21;-1.38;-0.05;;
PST4;38;21;-1.45;-0.85;;
PST4;39;21;-3.45;-9.55;;
PST4;40;21;1.03;-6.01;;
PST1+C;41;21;3.65;0.23;;
PST1+C;42;21;2.33;-0.97;;
PST1+C;43;21;2.15;-0.92;;
PST1+C;44;21;;;;
PST1+C;45;21;2.58;0.01;;
PST1+C;46;21;4.06;-0.28;;
PST1+C;47;21;3.05;-0.55;;
PST1+C;48;21;0.45;-1.5;;
PST1+C;49;21;1.91;-0.25;;
PST1+C;50;21;2.74;0;;
PST2+C;51;21;1.69;-0.27;;
PST2+C;52;21;1.43;-0.26;;
PST2+C;53;21;2.64;-2.8;;
PST2+C;54;21;2.53;-0.18;;
PST2+C;55;21;3.3;0.02;;
PST2+C;56;21;2.44;-0.36;;
PST2+C;57;21;0.73;0.17;;
PST2+C;58;21;3.03;-0.52;;
PST2+C;59;21;-0.8;-0.42;;
PST2+C;60;21;1.45;-0.51;;
PST3+C;61;21;1.85;0;;
PST3+C;62;21;3.07;-0.86;;
PST3+C;63;21;2.8;0.12;;
PST3+C;64;21;4.27;0.35;;
PST3+C;65;21;2.11;0.32;;
PST3+C;66;21;1.27;0.27;;
PST3+C;67;21;;;;
PST3+C;68;21;0.41;0.47;;
PST3+C;69;21;0.78;0.56;;
PST3+C;70;21;0.42;0.39;;
PST4+C;71;21;0.3;0.04;;
PST4+C;72;21;-0.11;-12.78;;
PST4+C;73;21;0.9;-1.85;;
PST4+C;74;21;1.51;-1.2;;
PST4+C;75;21;1.86;-0.73;;
PST4+C;76;21;4.02;-0.6;;
PST4+C;77;21;0.15;-0.97;;
PST4+C;78;21;3.11;-1.31;;
PST4+C;79;21;1.3;-1.34;;
PST4+C;80;21;0.27;-0.09;;
C;81;21;-0.14;;;
C;82;21;3.05;;;
C;83;21;0.75;;;
C;84;21;-1.28;;;
C;85;21;3.04;;;
C;86;21;4.88;;;
C;87;21;3.57;;;
C;88;21;1.03;;;
C;89;21;3.91;;;
C;90;21;1.84;;;
ST;91;21;-2.99;;;
ST;92;21;-1.85;;;
ST;93;21;-1.12;;;
ST;94;21;-3.55;;;
ST;95;21;-0.98;;;
ST;96;21;-2.26;;;
ST;97;21;-3.33;;;
ST;98;21;-6.65;;;
ST;99;21;-2.83;;;
ST;100;21;-3.78;;;
PST1;1;23;0.44;-0.53;;
PST1;2;23;-3.08;-0.64;;
PST1;3;23;-2.77;-0.81;;
PST1;4;23;-1.43;-4.11;;
PST1;5;23;0.67;-11.56;;
PST1;6;23;-1.66;-0.49;;
PST1;7;23;-0.41;-1.52;;
PST1;8;23;-0.85;-2.7;;
PST1;9;23;-0.47;-0.48;;
PST1;10;23;-3.69;-1.87;;
PST2;11;23;-3.35;-3.41;;
PST2;12;23;-1.04;-0.84;;
PST2;13;23;0.76;-1.11;;
PST2;14;23;-0.71;-4.81;;
PST2;15;23;1.07;-1.02;;
PST2;16;23;-1.76;-0.28;;
PST2;17;23;-1;-0.35;;
PST2;18;23;-1.09;-0.28;;
PST2;19;23;-2.15;-2.85;;
PST2;20;23;-0.06;-3.48;;
PST3;21;23;1.49;-0.51;;
PST3;22;23;0.51;-0.23;;
PST3;23;23;0.05;-0.28;;
PST3;24;23;0.31;-3.61;;
PST3;25;23;-0.24;-0.34;;
PST3;26;23;0.59;-0.39;;
PST3;27;23;3.34;-0.26;;
PST3;28;23;0.18;-0.41;;
PST3;29;23;0.71;-0.3;;
PST3;30;23;0.59;-0.27;;
PST4;31;23;-3.07;-0.26;;
PST4;32;23;-0.93;-11.97;;
PST4;33;23;-0.66;-1.47;;
PST4;34;23;-1.27;-4.71;;
PST4;35;23;2.1;-7.05;;
PST4;36;23;1.79;-0.1;;
PST4;37;23;-0.3;-0.06;;
PST4;38;23;-2.01;-0.87;;
PST4;39;23;-2.6;-9.68;;
PST4;40;23;1.49;-6.13;;
PST1+C;41;23;3.67;-0.06;;
PST1+C;42;23;2.78;-1.2;;
PST1+C;43;23;1.65;-0.84;;
PST1+C;44;23;;;;
PST1+C;45;23;3.07;-0.01;;
PST1+C;46;23;4.36;-0.47;;
PST1+C;47;23;2.4;-0.51;;
PST1+C;48;23;3.15;-1.56;;
PST1+C;49;23;2.18;-0.35;;
PST1+C;50;23;3.57;-0.06;;
PST2+C;51;23;3.73;-0.3;;
PST2+C;52;23;1.07;-0.25;;
PST2+C;53;23;2.81;-3.35;;
PST2+C;54;23;2.82;-0.38;;
PST2+C;55;23;2.53;-0.25;;
PST2+C;56;23;3.18;-0.9;;
PST2+C;57;23;1.06;0.18;;
PST2+C;58;23;2.47;-0.64;;
PST2+C;59;23;-1.17;-0.53;;
PST2+C;60;23;1.47;-0.52;;
PST3+C;61;23;2.61;-0.1;;
PST3+C;62;23;2.45;-1.07;;
PST3+C;63;23;3.01;0.01;;
PST3+C;64;23;3.78;0.17;;
PST3+C;65;23;1.34;0.28;;
PST3+C;66;23;1.49;0.25;;
PST3+C;67;23;;;;
PST3+C;68;23;0.46;0.41;;
PST3+C;69;23;2.54;0.61;;
PST3+C;70;23;1.07;0.39;;
PST4+C;71;23;0.01;-0.03;;
PST4+C;72;23;-0.06;-13.99;;
PST4+C;73;23;0.73;-2.05;;
PST4+C;74;23;1.63;-1.68;;
PST4+C;75;23;1.4;-0.64;;
PST4+C;76;23;3.36;-0.7;;
PST4+C;77;23;1.45;-1;;
PST4+C;78;23;2.88;-1.64;;
PST4+C;79;23;1.53;-1.4;;
PST4+C;80;23;1.05;-0.2;;
C;81;23;-0.34;;;
C;82;23;2.61;;;
C;83;23;0.48;;;
C;84;23;-0.97;;;
C;85;23;2.73;;;
C;86;23;4.59;;;
C;87;23;4.1;;;
C;88;23;1.59;;;
C;89;23;3.37;;;
C;90;23;2.11;;;
ST;91;23;-3.62;;;
ST;92;23;-1.87;;;
ST;93;23;-1.68;;;
ST;94;23;-3.83;;;
ST;95;23;-0.55;;;
ST;96;23;0.27;;;
ST;97;23;-3.93;;;
ST;98;23;-7.12;;;
ST;99;23;-1.61;;;
ST;100;23;-2.79;;;
PST1;1;25;-0.11;-0.56;;
PST1;2;25;-1.91;-0.61;;
PST1;3;25;-3.24;-0.82;;
PST1;4;25;-2;-1.19;;
PST1;5;25;1.25;-11.49;;
PST1;6;25;-2.17;-0.5;;
PST1;7;25;-0.91;-1.5;;
PST1;8;25;-0.9;-2.75;;
PST1;9;25;-1.01;-0.5;;
PST1;10;25;-2.64;-1.93;;
PST2;11;25;-3.66;-3.21;;
PST2;12;25;-0.62;-0.92;;
PST2;13;25;1.28;-1.23;;
PST2;14;25;-1.33;-5.12;;
PST2;15;25;0.42;-0.92;;
PST2;16;25;-0.79;-0.27;;
PST2;17;25;-1.45;-0.38;;
PST2;18;25;-0.61;-0.29;;
PST2;19;25;-2.15;-2.75;;
PST2;20;25;0.18;-3.45;;
PST3;21;25;0.97;-0.47;;
PST3;22;25;0.08;-0.24;;
PST3;23;25;-0.37;-0.25;;
PST3;24;25;0.55;-3.58;;
PST3;25;25;-0.36;-0.27;;
PST3;26;25;0.98;-0.38;;
PST3;27;25;2.62;-0.25;;
PST3;28;25;0.89;-0.38;;
PST3;29;25;1.42;-0.31;;
PST3;30;25;0.17;-0.25;;
PST4;31;25;-2.36;-0.25;;
PST4;32;25;-0.31;-13;;
PST4;33;25;-1.11;-1.49;;
PST4;34;25;-0.7;-5.17;;
PST4;35;25;1.37;-7.49;;
PST4;36;25;1.2;-0.13;;
PST4;37;25;-0.9;-0.04;;
PST4;38;25;0.39;-0.87;;
PST4;39;25;-3.14;-9.8;;
PST4;40;25;0.87;-6.34;;
PST1+C;41;25;3.3;0.11;;
PST1+C;42;25;2.41;-1.36;;
PST1+C;43;25;1.36;-0.89;;
PST1+C;44;25;;;;
PST1+C;45;25;3.18;0.08;;
PST1+C;46;25;4.02;-0.43;;
PST1+C;47;25;2.3;-0.46;;
PST1+C;48;25;2.65;-1.58;;
PST1+C;49;25;2.05;-0.29;;
PST1+C;50;25;3.2;0.07;;
PST2+C;51;25;3.05;-0.37;;
PST2+C;52;25;1.58;-0.26;;
PST2+C;53;25;2.74;-3.61;;
PST2+C;54;25;2.51;-0.44;;
PST2+C;55;25;1.41;-0.23;;
PST2+C;56;25;2.71;-0.89;;
PST2+C;57;25;0.58;0.2;;
PST2+C;58;25;1.96;-0.65;;
PST2+C;59;25;-0.43;-0.46;;
PST2+C;60;25;1.08;-0.56;;
PST3+C;61;25;2.02;-0.11;;
PST3+C;62;25;2.54;-1.03;;
PST3+C;63;25;3.51;0.04;;
PST3+C;64;25;3.17;0.23;;
PST3+C;65;25;0.86;0.25;;
PST3+C;66;25;1.38;0.25;;
PST3+C;67;25;;;;
PST3+C;68;25;0.69;0.38;;
PST3+C;69;25;2.52;0.59;;
PST3+C;70;25;-0.08;0.71;;
PST4+C;71;25;-0.46;-0.1;;
PST4+C;72;25;-0.55;-14.52;;
PST4+C;73;25;1.99;-2.25;;
PST4+C;74;25;2.17;-1.84;;
PST4+C;75;25;0.98;-0.72;;
PST4+C;76;25;3.63;-0.7;;
PST4+C;77;25;2.09;-0.98;;
PST4+C;78;25;2.4;-1.79;;
PST4+C;79;25;1.82;-1.59;;
PST4+C;80;25;0.48;-0.29;;
C;81;25;1.23;;;
C;82;25;2.16;;;
C;83;25;3.06;;;
C;84;25;-1.5;;;
C;85;25;2.81;;;
C;86;25;4.77;;;
C;87;25;3.68;;;
C;88;25;1.12;;;
C;89;25;3.17;;;
C;90;25;1.5;;;
ST;91;25;-2.82;;;
ST;92;25;-2.35;;;
ST;93;25;-1.18;;;
ST;94;25;-2.19;;;
ST;95;25;-1.01;;;
ST;96;25;-0.22;;;
ST;97;25;-1.31;;;
ST;98;25;-6.17;;;
ST;99;25;-2.45;;;
ST;100;25;-3.07;;;
PST1;1;28;-0.399999999999999;-0.549999999999997;;
PST1;2;28;-2.78;-0.660000000000004;;
PST1;3;28;-4.07;-0.880000000000003;;
PST1;4;28;-2.88;-1.06;;
PST1;5;28;0.100000000000001;-11.57;;
PST1;6;28;-2.7;-0.539999999999999;;
PST1;7;28;-0.940000000000001;-1.65;;
PST1;8;28;-1.71;-2.88;;
PST1;9;28;-1.66;-0.5;;
PST1;10;28;-3.58;-1.99;;
PST2;11;28;-3.6;-3.38;;
PST2;12;28;-1.43;-0.98;;
PST2;13;28;0.510000000000002;-1.42;;
PST2;14;28;-1.68;-5.54;;
PST2;15;28;-0.649999999999999;-0.939999999999998;;
PST2;16;28;-1.48;-0.350000000000001;;
PST2;17;28;-2.22;-0.340000000000003;;
PST2;18;28;-1.38;-0.300000000000004;;
PST2;19;28;-3.36;-3.51;;
PST2;20;28;-0.620000000000001;-3.65;;
PST3;21;28;0.16;-0.539999999999999;;
PST3;22;28;0.41;-0.290000000000006;;
PST3;23;28;-1.08;-0.260000000000002;;
PST3;24;28;-0.530000000000001;-3.7;;
PST3;25;28;-0.0600000000000023;-0.359999999999999;;
PST3;26;28;0.0199999999999996;-0.419999999999998;;
PST3;27;28;1.81;-0.290000000000003;;
PST3;28;28;0.690000000000001;-0.510000000000002;;
PST3;29;28;1.55;-0.359999999999999;;
PST3;30;28;-0.48;-0.309999999999995;;
PST4;31;28;-2.88;-0.299999999999997;;
PST4;32;28;-1.07;-13.42;;
PST4;33;28;-0.939999999999998;-1.62;;
PST4;34;28;-1.36;-5.58;;
PST4;35;28;1.42;-7.83;;
PST4;36;28;0.75;-0.199999999999999;;
PST4;37;28;-1.83;-0.00999999999999801;;
PST4;38;28;-0.359999999999999;-0.960000000000001;;
PST4;39;28;-3.72;-10.15;;
PST4;40;28;0.670000000000002;-7.07;;
PST1+C;41;28;2.63;-0.109999999999999;;
PST1+C;42;28;1.93;-1.54;;
PST1+C;43;28;1.31;-0.990000000000002;;
PST1+C;44;28;;;;
PST1+C;45;28;2.44;0.0200000000000031;;
PST1+C;46;28;3.15;-0.5;;
PST1+C;47;28;2.28;-0.59;;
PST1+C;48;28;1.93;-1.66;;
PST1+C;49;28;0.990000000000002;-0.369999999999997;;
PST1+C;50;28;2.61;-0.0799999999999983;;
PST2+C;51;28;2.25;-0.280000000000001;;
PST2+C;52;28;1.2;-0.41;;
PST2+C;53;28;1.58;-3.61;;
PST2+C;54;28;1.65;-0.580000000000005;;
PST2+C;55;28;1.07;-0.310000000000002;;
PST2+C;56;28;2.27;-1.45;;
PST2+C;57;28;0.27;0.169999999999998;;
PST2+C;58;28;1.5;-0.580000000000005;;
PST2+C;59;28;-1.09;-0.509999999999998;;
PST2+C;60;28;2.24;-0.91;;
PST3+C;61;28;1.71;-0.109999999999999;;
PST3+C;62;28;2.67;-1.02;;
PST3+C;63;28;3.05;0.0899999999999999;;
PST3+C;64;28;3.49;0.16;;
PST3+C;65;28;-0.27;0.230000000000004;;
PST3+C;66;28;0.73;0.210000000000001;;
PST3+C;67;28;;;;
PST3+C;68;28;0.84;0.32;;
PST3+C;69;28;2.29;0.579999999999998;;
PST3+C;70;28;0.119999999999997;0.73;;
PST4+C;71;28;-0.529999999999998;-0.18;;
PST4+C;72;28;-0.360000000000003;-15.1;;
PST4+C;73;28;2.26;-2.59;;
PST4+C;74;28;1.95;-1.93;;
PST4+C;75;28;0.229999999999997;-0.810000000000002;;
PST4+C;76;28;3.37;-0.729999999999997;;
PST4+C;77;28;1.43;-0.989999999999998;;
PST4+C;78;28;2.16;-1.89;;
PST4+C;79;28;1.77;-1.67;;
PST4+C;80;28;-0.27;-0.279999999999998;;
C;81;28;0.809999999999999;;;
C;82;28;3.29;;;
C;83;28;2.34;;;
C;84;28;-2.25;;;
C;85;28;2.4;;;
C;86;28;5.39;;;
C;87;28;2.94;;;
C;88;28;0.68;;;
C;89;28;2.25;;;
C;90;28;0.790000000000003;;;
ST;91;28;-3.86;;;
ST;92;28;-2.27;;;
ST;93;28;-2.01;;;
ST;94;28;-2.85;;;
ST;95;28;-1.5;;;
ST;96;28;-0.98;;;
ST;97;28;-2.26;;;
ST;98;28;-6.82;;;
ST;99;28;-3.18;;;
ST;100;28;-4.06;;;
PST1;1;30;-0.0300000000000011;-0.609999999999999;;
PST1;2;30;-2.89;-0.650000000000006;;
PST1;3;30;-2.76;-0.830000000000002;;
PST1;4;30;-0.309999999999999;-1.36;;
PST1;5;30;1.42;-11.63;;
PST1;6;30;-3.27;-0.529999999999998;;
PST1;7;30;-1.45;-1.49;;
PST1;8;30;-1.56;-2.76;;
PST1;9;30;-2.03;-0.549999999999997;;
PST1;10;30;-3.41;-2.16;;
PST2;11;30;-4.21;-3.46;;
PST2;12;30;-2.13;-1.06;;
PST2;13;30;0.360000000000003;-1.3;;
PST2;14;30;-1.19;-5.36;;
PST2;15;30;1.71;-1.1;;
PST2;16;30;-2.03;-0.280000000000001;;
PST2;17;30;-0.969999999999999;-0.340000000000003;;
PST2;18;30;-1.45;-0.32;;
PST2;19;30;-2.4;-3.68;;
PST2;20;30;-1.01;-3.7;;
PST3;21;30;0.559999999999999;-0.549999999999997;;
PST3;22;30;-0.170000000000002;-0.330000000000005;;
PST3;23;30;0.669999999999998;-0.289999999999999;;
PST3;24;30;-0.66;-3.75;;
PST3;25;30;-0.510000000000002;-0.359999999999999;;
PST3;26;30;-0.359999999999999;-0.419999999999998;;
PST3;27;30;1.9;-0.290000000000003;;
PST3;28;30;1.4;-0.52;;
PST3;29;30;1.04;-0.34;;
PST3;30;30;-0.870000000000001;-0.339999999999996;;
PST4;31;30;-3.33;-0.289999999999999;;
PST4;32;30;0.18;-13.72;;
PST4;33;30;-1.44;-1.76;;
PST4;34;30;-1.86;-6.09;;
PST4;35;30;0.609999999999999;-8.75;;
PST4;36;30;1.54;-0.18;;
PST4;37;30;-2.35;-0.0399999999999991;;
PST4;38;30;-0.899999999999999;-0.949999999999999;;
PST4;39;30;-3.25;-10.44;;
PST4;40;30;-0.0899999999999999;-7.13;;
PST1+C;41;30;2.18;-0.210000000000001;;
PST1+C;42;30;2.45;-1.83;;
PST1+C;43;30;1.04;-1;;
PST1+C;44;30;;;;
PST1+C;45;30;3.68;-0.0700000000000003;;
PST1+C;46;30;2.57;-0.649999999999999;;
PST1+C;47;30;1.68;-0.649999999999999;;
PST1+C;48;30;2.01;-1.61;;
PST1+C;49;30;0.41;-0.439999999999998;;
PST1+C;50;30;2.61;-0.149999999999999;;
PST2+C;51;30;2.14;-0.27;;
PST2+C;52;30;0.5;-0.41;;
PST2+C;53;30;2.41;-4.03;;
PST2+C;54;30;1.55;-0.93;;
PST2+C;55;30;2.14;-0.170000000000002;;
PST2+C;56;30;1.84;-1.46;;
PST2+C;57;30;0.120000000000001;0.23;;
PST2+C;58;30;3.21;-0.539999999999999;;
PST2+C;59;30;-0.390000000000001;-0.48;;
PST2+C;60;30;1.62;-1.01;;
PST3+C;61;30;1.9;0.120000000000001;;
PST3+C;62;30;2.54;-0.920000000000002;;
PST3+C;63;30;2.71;0.0800000000000018;;
PST3+C;64;30;3.26;0.170000000000002;;
PST3+C;65;30;1.82;0.300000000000004;;
PST3+C;66;30;1.29;0.180000000000003;;
PST3+C;67;30;;;;
PST3+C;68;30;0.279999999999998;0.309999999999999;;
PST3+C;69;30;2.52;0.590000000000003;;
PST3+C;70;30;1.27;0.719999999999999;;
PST4+C;71;30;-1.13;-0.260000000000002;;
PST4+C;72;30;-0.670000000000002;-15.94;;
PST4+C;73;30;2.01;-2.84;;
PST4+C;74;30;1.44;-1.98;;
PST4+C;75;30;1.83;-0.75;;
PST4+C;76;30;2.88;-0.740000000000002;;
PST4+C;77;30;1.7;-0.890000000000001;;
PST4+C;78;30;2.43;-1.72;;
PST4+C;79;30;1.52;-1.74;;
PST4+C;80;30;-0.710000000000001;-0.319999999999997;;
C;81;30;0.759999999999998;;;
C;82;30;3.32;;;
C;83;30;2.58;;;
C;84;30;-1;;;
C;85;30;2.77;;;
C;86;30;5;;;
C;87;30;3.64;;;
C;88;30;0.580000000000002;;;
C;89;30;3;;;
C;90;30;0.77;;;
ST;91;30;-3.15;;;
ST;92;30;-1.84;;;
ST;93;30;-1.76;;;
ST;94;30;-1.63;;;
ST;95;30;-1.99;;;
ST;96;30;-1.52;;;
ST;97;30;-2.83;;;
ST;98;30;-5.96;;;
ST;99;30;-3.99;;;
ST;100;30;-4.65;;;
PST1;1;32;-0.0700000000000003;-0.559999999999995;;
PST1;2;32;-1.86;-0.609999999999999;;
PST1;3;32;-3.28;-0.870000000000001;;
PST1;4;32;-0.960000000000001;-1.23;;
PST1;5;32;1.4;-11.71;;
PST1;6;32;-3.29;-0.619999999999997;;
PST1;7;32;-1.02;-1.52;;
PST1;8;32;-1.5;-2.87;;
PST1;9;32;-1.84;-0.549999999999997;;
PST1;10;32;-3.34;-2.15;;
PST2;11;32;-4;-3.39;;
PST2;12;32;-2.05;-1.13;;
PST2;13;32;0.640000000000001;-1.32;;
PST2;14;32;-1.15;-5.69;;
PST2;15;32;1.15;-1.08;;
PST2;16;32;-0.579999999999998;-0.339999999999996;;
PST2;17;32;-1.43;-0.310000000000002;;
PST2;18;32;-1.43;-0.300000000000004;;
PST2;19;32;-2.57;-3.81;;
PST2;20;32;-0.25;-3.83;;
PST3;21;32;0.369999999999997;-0.559999999999995;;
PST3;22;32;-0.620000000000001;-0.290000000000006;;
PST3;23;32;0.239999999999998;-0.27;;
PST3;24;32;-0.440000000000001;-3.78;;
PST3;25;32;0.309999999999999;-0.340000000000003;;
PST3;26;32;0.32;-0.419999999999998;;
PST3;27;32;2.46;-0.290000000000003;;
PST3;28;32;0.900000000000002;-0.52;;
PST3;29;32;1.28;-0.32;;
PST3;30;32;0.169999999999998;-0.32;;
PST4;31;32;-2.82;-0.359999999999999;;
PST4;32;32;-0.299999999999997;-13.78;;
PST4;33;32;-0.989999999999998;-1.71;;
PST4;34;32;-2.25;-6.24;;
PST4;35;32;0.259999999999998;-9.61;;
PST4;36;32;1.27;-0.140000000000001;;
PST4;37;32;-2.59;-0.0500000000000007;;
PST4;38;32;-1.49;-1;;
PST4;39;32;-2.66;-10.61;;
PST4;40;32;-0.32;-7.38;;
PST1+C;41;32;2.92;-0.100000000000001;;
PST1+C;42;32;2.71;-1.84;;
PST1+C;43;32;1.48;-0.830000000000002;;
PST1+C;44;32;;;;
PST1+C;45;32;2.99;-0.0600000000000023;;
PST1+C;46;32;2.18;-0.630000000000003;;
PST1+C;47;32;2.02;0.200000000000003;;
PST1+C;48;32;2.46;-1.64;;
PST1+C;49;32;0.84;-0.399999999999999;;
PST1+C;50;32;2.94;-0.139999999999997;;
PST2+C;51;32;2.19;-0.220000000000002;;
PST2+C;52;32;-0.199999999999999;-0.370000000000001;;
PST2+C;53;32;2.48;-4.47;;
PST2+C;54;32;2.57;-1.04000000000001;;
PST2+C;55;32;2.53;-0.240000000000002;;
PST2+C;56;32;1.71;-1.37;;
PST2+C;57;32;0.5;0.239999999999998;;
PST2+C;58;32;3.02;-0.630000000000003;;
PST2+C;59;32;-1.06;-0.420000000000002;;
PST2+C;60;32;1.18;-1.15;;
PST3+C;61;32;1.76;0.0500000000000007;;
PST3+C;62;32;2.66;-0.900000000000002;;
PST3+C;63;32;3.7;0.0199999999999996;;
PST3+C;64;32;5.18;0.16;;
PST3+C;65;32;1.93;0.400000000000006;;
PST3+C;66;32;1.25;0.180000000000003;;
PST3+C;67;32;;;;
PST3+C;68;32;0.00999999999999801;0.350000000000001;;
PST3+C;69;32;2.03;0.730000000000004;;
PST3+C;70;32;1.05;0.739999999999998;;
PST4+C;71;32;-0.609999999999999;-0.43;;
PST4+C;72;32;-0.43;-16.55;;
PST4+C;73;32;2.1;-2.93;;
PST4+C;74;32;2.2;-1.9;;
PST4+C;75;32;1.42;-0.82;;
PST4+C;76;32;3.83;-0.75;;
PST4+C;77;32;1.17;-0.949999999999999;;
PST4+C;78;32;2.98;-1.81;;
PST4+C;79;32;2.23;-1.82;;
PST4+C;80;32;0.609999999999999;-0.439999999999998;;
C;81;32;0.259999999999998;;;
C;82;32;3.04;;;
C;83;32;2.04;;;
C;84;32;-1.45;;;
C;85;32;3.37;;;
C;86;32;4.6;;;
C;87;32;3.91;;;
C;88;32;1.18;;;
C;89;32;3.84;;;
C;90;32;0.400000000000002;;;
ST;91;32;-3.73;;;
ST;92;32;-2.2;;;
ST;93;32;-2.24;;;
ST;94;32;-2.05;;;
ST;95;32;-1.37;;;
ST;96;32;-0.25;;;
ST;97;32;-3.39;;;
ST;98;32;-6.41;;;
ST;99;32;-4.67;;;
ST;100;32;-3.58;;;
PST1;1;35;0.190000000000001;-0.68;;
PST1;2;35;-2.59;-0.640000000000001;;
PST1;3;35;-3.98;-0.920000000000002;;
PST1;4;35;-1.66;-1.38;;
PST1;5;35;0.309999999999999;-12.29;;
PST1;6;35;-3.72;-0.569999999999997;;
PST1;7;35;-0.900000000000002;-1.6;;
PST1;8;35;-1.89;-2.96;;
PST1;9;35;-2.9;-0.539999999999999;;
PST1;10;35;-3.32;-0.420000000000002;;
PST2;11;35;-4.34;-3.29;;
PST2;12;35;-2.82;-1.14;;
PST2;13;35;-0.0799999999999983;-1.43;;
PST2;14;35;-1.91;-5.96;;
PST2;15;35;0.25;-1.14;;
PST2;16;35;-1.31;-0.379999999999995;;
PST2;17;35;-2.09;-0.340000000000003;;
PST2;18;35;-2.1;-0.43;;
PST2;19;35;-2.55;-3.85;;
PST2;20;35;-0.82;-4.02;;
PST3;21;35;0.16;-0.649999999999999;;
PST3;22;35;-1.25;-0.340000000000003;;
PST3;23;35;-0.309999999999999;-0.300000000000001;;
PST3;24;35;-0.710000000000001;-3.84;;
PST3;25;35;-0.25;-0.380000000000003;;
PST3;26;35;-0.66;-0.449999999999999;;
PST3;27;35;1.34;-0.32;;
PST3;28;35;0.309999999999999;-0.579999999999998;;
PST3;29;35;0.59;-0.449999999999999;;
PST3;30;35;-0.510000000000002;-0.339999999999996;;
PST4;31;35;-3.46;-0.32;;
PST4;32;35;-0.379999999999999;-14.02;;
PST4;33;35;-1.59;-1.75;;
PST4;34;35;-2.72;-6.33;;
PST4;35;35;0.309999999999999;-9.61;;
PST4;36;35;0.449999999999999;-0.169999999999998;;
PST4;37;35;-0.330000000000002;-0.0899999999999999;;
PST4;38;35;-0.879999999999999;-1.06;;
PST4;39;35;-3.25;-11.52;;
PST4;40;35;-1.05;-7.45;;
PST1+C;41;35;3.25;-0.220000000000002;;
PST1+C;42;35;2.17;-1.98;;
PST1+C;43;35;2.04;-0.880000000000003;;
PST1+C;44;35;;;;
PST1+C;45;35;2.19;-0.109999999999999;;
PST1+C;46;35;3.7;-0.640000000000001;;
PST1+C;47;35;1.16;-0.689999999999998;;
PST1+C;48;35;2.04;-1.87;;
PST1+C;49;35;0.25;-0.479999999999997;;
PST1+C;50;35;2.31;-0.00999999999999801;;
PST2+C;51;35;1.63;-0.300000000000001;;
PST2+C;52;35;-1.27;-0.43;;
PST2+C;53;35;1.48;-4.41;;
PST2+C;54;35;1.83;-1.33000000000001;;
PST2+C;55;35;2.02;-0.400000000000002;;
PST2+C;56;35;1.21;-1.38;;
PST2+C;57;35;-0.239999999999998;0.18;;
PST2+C;58;35;2.57;-0.690000000000005;;
PST2+C;59;35;-1.72;-0.539999999999999;;
PST2+C;60;35;2.42;-1.03;;
PST3+C;61;35;0.84;-0.0700000000000003;;
PST3+C;62;35;2.24;-0.880000000000003;;
PST3+C;63;35;2.95;-0.0599999999999987;;
PST3+C;64;35;4.49;0.180000000000003;;
PST3+C;65;35;1.21;0.400000000000006;;
PST3+C;66;35;1.05;0.130000000000003;;
PST3+C;67;35;;;;
PST3+C;68;35;0.259999999999998;0.390000000000001;;
PST3+C;69;35;1.85;0.700000000000003;;
PST3+C;70;35;0.579999999999998;0.66;;
PST4+C;71;35;-0.729999999999997;-0.780000000000001;;
PST4+C;72;35;-1.24;-18.61;;
PST4+C;73;35;1.42;-3.14;;
PST4+C;74;35;2.1;-2.1;;
PST4+C;75;35;1.5;-1.08;;
PST4+C;76;35;3.22;-0.839999999999996;;
PST4+C;77;35;0.640000000000001;-0.960000000000001;;
PST4+C;78;35;2.35;-2.04;;
PST4+C;79;35;1.48;-1.91;;
PST4+C;80;35;0.170000000000002;-0.409999999999997;;
C;81;35;1.29;;;
C;82;35;2.62;;;
C;83;35;3.31;;;
C;84;35;-2.07;;;
C;85;35;2.62;;;
C;86;35;3.88;;;
C;87;35;3.19;;;
C;88;35;1.53;;;
C;89;35;3.15;;;
C;90;35;-0.239999999999998;;;
ST;91;35;-3.54;;;
ST;92;35;-2.92;;;
ST;93;35;-2.43;;;
ST;94;35;-2.6;;;
ST;95;35;-1.79;;;
ST;96;35;-1;;;
ST;97;35;-2.59;;;
ST;98;35;-5.77;;;
ST;99;35;-3.54;;;
ST;100;35;-4.72;;;
PST1;1;37;-0.34;-0.609999999999999;;
PST1;2;37;-1.61;-0.650000000000006;;
PST1;3;37;-4.53;-0.850000000000001;;
PST1;4;37;-0.399999999999999;-1.35;;
PST1;5;37;0.760000000000002;-12.36;;
PST1;6;37;-3.1;-0.629999999999999;;
PST1;7;37;-0.18;-1.56;;
PST1;8;37;-1.59;-2.9;;
PST1;9;37;-2.66;-0.529999999999998;;
PST1;10;37;-3.14;-2.18;;
PST2;11;37;-4.33;-3.61;;
PST2;12;37;-2.97;-1.21;;
PST2;13;37;0.310000000000002;-1.43;;
PST2;14;37;-1.37;-6.33;;
PST2;15;37;0.559999999999999;-1.13;;
PST2;16;37;-1.38;-0.269999999999996;;
PST2;17;37;-2.51;-0.359999999999999;;
PST2;18;37;-1.57;-0.390000000000001;;
PST2;19;37;-2.9;-3.89;;
PST2;20;37;-0.41;-3.98;;
PST3;21;37;-0.420000000000002;-0.579999999999998;;
PST3;22;37;-0.960000000000001;-0.290000000000006;;
PST3;23;37;-0.699999999999999;-0.27;;
PST3;24;37;-0.870000000000001;-3.77;;
PST3;25;37;-0.650000000000002;-0.350000000000001;;
PST3;26;37;0.390000000000001;-0.43;;
PST3;27;37;2.07;-0.280000000000001;;
PST3;28;37;0.82;-0.620000000000001;;
PST3;29;37;0.550000000000001;-0.359999999999999;;
PST3;30;37;1.06;-0.299999999999997;;
PST4;31;37;-3.32;-0.339999999999996;;
PST4;32;37;-0.829999999999998;-14.07;;
PST4;33;37;-0.489999999999998;-1.81;;
PST4;34;37;-2.41;-6.66;;
PST4;35;37;0.77;-9.95;;
PST4;36;37;1.57;-0.140000000000001;;
PST4;37;37;1.12;-0.0500000000000007;;
PST4;38;37;-1.4;-1;;
PST4;39;37;-3.24;-11.45;;
PST4;40;37;-0.760000000000002;-7.5;;
PST1+C;41;37;2.71;-0.170000000000002;;
PST1+C;42;37;1.66;-1.97;;
PST1+C;43;37;1.83;-0.82;;
PST1+C;44;37;;;;
PST1+C;45;37;2.58;-0.0700000000000003;;
PST1+C;46;37;4.43;-0.600000000000001;;
PST1+C;47;37;0.489999999999998;-0.629999999999999;;
PST1+C;48;37;2.62;-1.66;;
PST1+C;49;37;0.900000000000002;-0.389999999999997;;
PST1+C;50;37;2.14;-0.0700000000000003;;
PST2+C;51;37;1.82;-0.240000000000002;;
PST2+C;52;37;-1.88;-0.420000000000002;;
PST2+C;53;37;1.15;-4.29;;
PST2+C;54;37;1.95;-1.35;;
PST2+C;55;37;2.49;-0.470000000000002;;
PST2+C;56;37;1.31;-1.65;;
PST2+C;57;37;0.949999999999999;0.25;;
PST2+C;58;37;3.04;-0.649999999999999;;
PST2+C;59;37;-0.489999999999998;-0.550000000000001;;
PST2+C;60;37;2.49;-1.09;;
PST3+C;61;37;2.3;-0.0700000000000003;;
PST3+C;62;37;2.43;-0.970000000000002;;
PST3+C;63;37;2.58;0;;
PST3+C;64;37;4.09;0.200000000000003;;
PST3+C;65;37;2.36;0.390000000000001;;
PST3+C;66;37;1.34;0.150000000000002;;
PST3+C;67;37;;;;
PST3+C;68;37;0.5;0.359999999999999;;
PST3+C;69;37;2.42;0.800000000000004;;
PST3+C;70;37;0.609999999999999;0.649999999999999;;
PST4+C;71;37;-1.12;-0.84;;
PST4+C;72;37;-0.27;-18.59;;
PST4+C;73;37;2.15;-3.23;;
PST4+C;74;37;2.62;-2.24;;
PST4+C;75;37;1.55;-1.11;;
PST4+C;76;37;2.94;-0.859999999999999;;
PST4+C;77;37;0.18;-0.969999999999999;;
PST4+C;78;37;1.98;-2.18;;
PST4+C;79;37;1.12;-1.9;;
PST4+C;80;37;-0.23;-0.449999999999999;;
C;81;37;0.940000000000001;;;
C;82;37;2.63;;;
C;83;37;2.72;;;
C;84;37;-2.29;;;
C;85;37;2.4;;;
C;86;37;5.26;;;
C;87;37;2.77;;;
C;88;37;1.56;;;
C;89;37;2.63;;;
C;90;37;-0.689999999999998;;;
ST;91;37;-3.14;;;
ST;92;37;-3.32;;;
ST;93;37;-0.93;;;
ST;94;37;-2.97;;;
ST;95;37;-2.1;;;
ST;96;37;-0.75;;;
ST;97;37;-2.74;;;
ST;98;37;-6.24;;;
ST;99;37;-1.27;;;
ST;100;37;-4.58;;;
PST1;1;40;-0.829999999999998;-0.589999999999996;;
PST1;2;40;-2.02;-0.670000000000002;;
PST1;3;40;-4.28;-0.59;;
PST1;4;40;-0.890000000000001;-1.29;;
PST1;5;40;0.100000000000001;-13.34;;
PST1;6;40;-3.59;-0.689999999999998;;
PST1;7;40;-0.580000000000002;-1.65;;
PST1;8;40;-1.48;-3.02;;
PST1;9;40;-1.49;-0.759999999999998;;
PST1;10;40;-3.33;-2.2;;
PST2;11;40;-4.31;-3.63;;
PST2;12;40;-2.3;-1.14;;
PST2;13;40;0.670000000000002;-1.4;;
PST2;14;40;-1.1;-6.71;;
PST2;15;40;0.0500000000000007;-1.2;;
PST2;16;40;-1.73;-0.309999999999995;;
PST2;17;40;-2.91;-0.400000000000006;;
PST2;18;40;-1.94;-0.350000000000001;;
PST2;19;40;-3.41;-4.08;;
PST2;20;40;0.0899999999999999;-4.21;;
PST3;21;40;-0.990000000000002;-0.629999999999995;;
PST3;22;40;-0.359999999999999;-0.300000000000004;;
PST3;23;40;-1.13;-0.289999999999999;;
PST3;24;40;-1.31;-3.85;;
PST3;25;40;-0.960000000000001;-0.330000000000005;;
PST3;26;40;0.359999999999999;-0.489999999999998;;
PST3;27;40;1.28;-0.300000000000001;;
PST3;28;40;0.440000000000001;-0.66;;
PST3;29;40;0.190000000000001;-0.690000000000001;;
PST3;30;40;0.709999999999997;-0.339999999999996;;
PST4;31;40;-3.06;-0.390000000000001;;
PST4;32;40;-1.26;-14.51;;
PST4;33;40;-0.869999999999997;-1.83;;
PST4;34;40;-0.219999999999999;-6.79;;
PST4;35;40;0.989999999999998;-10.05;;
PST4;36;40;1.04;-0.140000000000001;;
PST4;37;40;0.5;-0.0799999999999983;;
PST4;38;40;-1.89;-1.03;;
PST4;39;40;-3.3;-11.7;;
PST4;40;40;-0.469999999999999;-8.52;;
PST1+C;41;40;2.67;-0.0700000000000003;;
PST1+C;42;40;2.65;-2.09;;
PST1+C;43;40;1.66;-1.04;;
PST1+C;44;40;;;;
PST1+C;45;40;2.62;-0.129999999999995;;
PST1+C;46;40;4.26;-1;;
PST1+C;47;40;-0.0599999999999987;-0.66;;
PST1+C;48;40;2.27;-1.81;;
PST1+C;49;40;0.920000000000002;-0.529999999999998;;
PST1+C;50;40;1.51;0;;
PST2+C;51;40;1.19;-0.34;;
PST2+C;52;40;-1.86;-0.440000000000001;;
PST2+C;53;40;0.489999999999998;-4.31;;
PST2+C;54;40;2.54;-1.77;;
PST2+C;55;40;2.53;-0.5;;
PST2+C;56;40;2.45;-1.81;;
PST2+C;57;40;0.330000000000002;0.27;;
PST2+C;58;40;3.87;-0.600000000000001;;
PST2+C;59;40;-0.859999999999999;-0.420000000000002;;
PST2+C;60;40;2.68;-1.16;;
PST3+C;61;40;1.82;0.0199999999999996;;
PST3+C;62;40;2.56;-1.07;;
PST3+C;63;40;3.22;0.220000000000002;;
PST3+C;64;40;5.44;0.200000000000003;;
PST3+C;65;40;2.49;0.360000000000007;;
PST3+C;66;40;1.54;0.140000000000001;;
PST3+C;67;40;;;;
PST3+C;68;40;1.02;0.329999999999998;;
PST3+C;69;40;1.95;0.770000000000003;;
PST3+C;70;40;0.389999999999997;0.699999999999999;;
PST4+C;71;40;-0.759999999999998;-0.809999999999999;;
PST4+C;72;40;-0.790000000000003;-19.04;;
PST4+C;73;40;1.68;-3.35;;
PST4+C;74;40;2.95;-2.29;;
PST4+C;75;40;1.4;-1.3;;
PST4+C;76;40;2.97;-0.859999999999999;;
PST4+C;77;40;1.34;-0.960000000000001;;
PST4+C;78;40;1.95;-2.24;;
PST4+C;79;40;2.25;-1.89;;
PST4+C;80;40;-0.949999999999999;-0.43;;
C;81;40;1.37;;;
C;82;40;2.07;;;
C;83;40;3.37;;;
C;84;40;-1.88;;;
C;85;40;3.03;;;
C;86;40;4.8;;;
C;87;40;2.5;;;
C;88;40;1.46;;;
C;89;40;3.78;;;
C;90;40;0.530000000000001;;;
ST;91;40;-3.73;;;
ST;92;40;-2.01;;;
ST;93;40;-0.970000000000002;;;
ST;94;40;-2.91;;;
ST;95;40;-2.39;;;
ST;96;40;-1.27;;;
ST;97;40;-3.15;;;
ST;98;40;-6.63;;;
ST;99;40;-0.989999999999998;;;
ST;100;40;-3.92;;;
