Condition;ID;Time;Survivors
PST1;1;0;10
PST1;2;0;10
PST1;3;0;10
PST1;4;0;10
PST1;5;0;10
PST1;6;0;10
PST1;7;0;10
PST1;8;0;10
PST1;9;0;10
PST1;10;0;10
PST2;11;0;10
PST2;12;0;10
PST2;13;0;10
PST2;14;0;10
PST2;15;0;10
PST2;16;0;10
PST2;17;0;10
PST2;18;0;10
PST2;19;0;10
PST2;20;0;10
PST3;21;0;10
PST3;22;0;10
PST3;23;0;10
PST3;24;0;10
PST3;25;0;10
PST3;26;0;10
PST3;27;0;10
PST3;28;0;10
PST3;29;0;10
PST3;30;0;10
PST4;31;0;10
PST4;32;0;10
PST4;33;0;10
PST4;34;0;10
PST4;35;0;10
PST4;36;0;10
PST4;37;0;10
PST4;38;0;10
PST4;39;0;10
PST4;40;0;10
PST1+C;41;0;10
PST1+C;42;0;10
PST1+C;43;0;10
PST1+C;44;0;10
PST1+C;45;0;10
PST1+C;46;0;10
PST1+C;47;0;10
PST1+C;48;0;10
PST1+C;49;0;10
PST1+C;50;0;10
PST2+C;51;0;10
PST2+C;52;0;10
PST2+C;53;0;10
PST2+C;54;0;10
PST2+C;55;0;10
PST2+C;56;0;10
PST2+C;57;0;10
PST2+C;58;0;10
PST2+C;59;0;10
PST2+C;60;0;10
PST3+C;61;0;10
PST3+C;62;0;10
PST3+C;63;0;10
PST3+C;64;0;10
PST3+C;65;0;10
PST3+C;66;0;10
PST3+C;67;0;10
PST3+C;68;0;10
PST3+C;69;0;10
PST3+C;70;0;10
PST4+C;71;0;10
PST4+C;72;0;10
PST4+C;73;0;10
PST4+C;74;0;10
PST4+C;75;0;10
PST4+C;76;0;10
PST4+C;77;0;10
PST4+C;78;0;10
PST4+C;79;0;10
PST4+C;80;0;10
C;81;0;10
C;82;0;10
C;83;0;10
C;84;0;10
C;85;0;10
C;86;0;10
C;87;0;10
C;88;0;10
C;89;0;10
C;90;0;10
ST;91;0;10
ST;92;0;10
ST;93;0;10
ST;94;0;10
ST;95;0;10
ST;96;0;10
ST;97;0;10
ST;98;0;10
ST;99;0;10
ST;100;0;10
PST1;1;2;10
PST1;2;2;10
PST1;3;2;10
PST1;4;2;10
PST1;5;2;10
PST1;6;2;10
PST1;7;2;10
PST1;8;2;10
PST1;9;2;10
PST1;10;2;10
PST2;11;2;10
PST2;12;2;10
PST2;13;2;10
PST2;14;2;10
PST2;15;2;10
PST2;16;2;10
PST2;17;2;10
PST2;18;2;10
PST2;19;2;10
PST2;20;2;10
PST3;21;2;10
PST3;22;2;10
PST3;23;2;10
PST3;24;2;10
PST3;25;2;10
PST3;26;2;10
PST3;27;2;10
PST3;28;2;10
PST3;29;2;10
PST3;30;2;10
PST4;31;2;10
PST4;32;2;10
PST4;33;2;10
PST4;34;2;10
PST4;35;2;10
PST4;36;2;10
PST4;37;2;10
PST4;38;2;10
PST4;39;2;10
PST4;40;2;10
PST1+C;41;2;10
PST1+C;42;2;10
PST1+C;43;2;10
PST1+C;44;2;10
PST1+C;45;2;10
PST1+C;46;2;10
PST1+C;47;2;10
PST1+C;48;2;10
PST1+C;49;2;10
PST1+C;50;2;10
PST2+C;51;2;10
PST2+C;52;2;10
PST2+C;53;2;10
PST2+C;54;2;10
PST2+C;55;2;10
PST2+C;56;2;10
PST2+C;57;2;10
PST2+C;58;2;10
PST2+C;59;2;10
PST2+C;60;2;10
PST3+C;61;2;10
PST3+C;62;2;10
PST3+C;63;2;10
PST3+C;64;2;10
PST3+C;65;2;10
PST3+C;66;2;10
PST3+C;67;2;10
PST3+C;68;2;10
PST3+C;69;2;10
PST3+C;70;2;10
PST4+C;71;2;10
PST4+C;72;2;10
PST4+C;73;2;10
PST4+C;74;2;10
PST4+C;75;2;10
PST4+C;76;2;10
PST4+C;77;2;10
PST4+C;78;2;10
PST4+C;79;2;10
PST4+C;80;2;10
C;81;2;10
C;82;2;10
C;83;2;10
C;84;2;10
C;85;2;10
C;86;2;10
C;87;2;10
C;88;2;10
C;89;2;10
C;90;2;10
ST;91;2;10
ST;92;2;10
ST;93;2;10
ST;94;2;10
ST;95;2;10
ST;96;2;10
ST;97;2;10
ST;98;2;10
ST;99;2;10
ST;100;2;10
PST1;1;4;10
PST1;2;4;10
PST1;3;4;10
PST1;4;4;10
PST1;5;4;10
PST1;6;4;10
PST1;7;4;10
PST1;8;4;10
PST1;9;4;10
PST1;10;4;10
PST2;11;4;10
PST2;12;4;10
PST2;13;4;10
PST2;14;4;10
PST2;15;4;10
PST2;16;4;10
PST2;17;4;10
PST2;18;4;10
PST2;19;4;10
PST2;20;4;9
PST3;21;4;10
PST3;22;4;10
PST3;23;4;10
PST3;24;4;10
PST3;25;4;10
PST3;26;4;10
PST3;27;4;10
PST3;28;4;10
PST3;29;4;10
PST3;30;4;10
PST4;31;4;10
PST4;32;4;10
PST4;33;4;10
PST4;34;4;10
PST4;35;4;10
PST4;36;4;10
PST4;37;4;10
PST4;38;4;10
PST4;39;4;10
PST4;40;4;10
PST1+C;41;4;10
PST1+C;42;4;10
PST1+C;43;4;10
PST1+C;44;4;10
PST1+C;45;4;10
PST1+C;46;4;10
PST1+C;47;4;10
PST1+C;48;4;10
PST1+C;49;4;10
PST1+C;50;4;10
PST2+C;51;4;9
PST2+C;52;4;9
PST2+C;53;4;10
PST2+C;54;4;10
PST2+C;55;4;10
PST2+C;56;4;10
PST2+C;57;4;10
PST2+C;58;4;10
PST2+C;59;4;10
PST2+C;60;4;10
PST3+C;61;4;10
PST3+C;62;4;10
PST3+C;63;4;10
PST3+C;64;4;10
PST3+C;65;4;10
PST3+C;66;4;10
PST3+C;67;4;10
PST3+C;68;4;10
PST3+C;69;4;10
PST3+C;70;4;10
PST4+C;71;4;10
PST4+C;72;4;10
PST4+C;73;4;10
PST4+C;74;4;10
PST4+C;75;4;10
PST4+C;76;4;10
PST4+C;77;4;10
PST4+C;78;4;10
PST4+C;79;4;10
PST4+C;80;4;10
C;81;4;10
C;82;4;10
C;83;4;10
C;84;4;10
C;85;4;10
C;86;4;10
C;87;4;10
C;88;4;10
C;89;4;10
C;90;4;10
ST;91;4;10
ST;92;4;9
ST;93;4;10
ST;94;4;10
ST;95;4;10
ST;96;4;10
ST;97;4;10
ST;98;4;10
ST;99;4;10
ST;100;4;10
PST1;1;7;10
PST1;2;7;10
PST1;3;7;10
PST1;4;7;9
PST1;5;7;10
PST1;6;7;10
PST1;7;7;10
PST1;8;7;10
PST1;9;7;8
PST1;10;7;10
PST2;11;7;10
PST2;12;7;10
PST2;13;7;9
PST2;14;7;9
PST2;15;7;10
PST2;16;7;10
PST2;17;7;9
PST2;18;7;10
PST2;19;7;10
PST2;20;7;8
PST3;21;7;10
PST3;22;7;10
PST3;23;7;10
PST3;24;7;10
PST3;25;7;10
PST3;26;7;10
PST3;27;7;10
PST3;28;7;10
PST3;29;7;10
PST3;30;7;10
PST4;31;7;10
PST4;32;7;10
PST4;33;7;10
PST4;34;7;10
PST4;35;7;10
PST4;36;7;10
PST4;37;7;10
PST4;38;7;9
PST4;39;7;10
PST4;40;7;10
PST1+C;41;7;10
PST1+C;42;7;10
PST1+C;43;7;10
PST1+C;44;7;10
PST1+C;45;7;10
PST1+C;46;7;10
PST1+C;47;7;10
PST1+C;48;7;10
PST1+C;49;7;10
PST1+C;50;7;10
PST2+C;51;7;9
PST2+C;52;7;9
PST2+C;53;7;9
PST2+C;54;7;10
PST2+C;55;7;10
PST2+C;56;7;10
PST2+C;57;7;10
PST2+C;58;7;9
PST2+C;59;7;10
PST2+C;60;7;10
PST3+C;61;7;10
PST3+C;62;7;9
PST3+C;63;7;10
PST3+C;64;7;9
PST3+C;65;7;10
PST3+C;66;7;10
PST3+C;67;7;10
PST3+C;68;7;10
PST3+C;69;7;10
PST3+C;70;7;10
PST4+C;71;7;10
PST4+C;72;7;10
PST4+C;73;7;10
PST4+C;74;7;10
PST4+C;75;7;10
PST4+C;76;7;10
PST4+C;77;7;9
PST4+C;78;7;10
PST4+C;79;7;10
PST4+C;80;7;10
C;81;7;10
C;82;7;10
C;83;7;9
C;84;7;10
C;85;7;9
C;86;7;10
C;87;7;10
C;88;7;10
C;89;7;10
C;90;7;10
ST;91;7;10
ST;92;7;9
ST;93;7;10
ST;94;7;10
ST;95;7;10
ST;96;7;10
ST;97;7;9
ST;98;7;10
ST;99;7;9
ST;100;7;10
PST1;1;9;10
PST1;2;9;10
PST1;3;9;10
PST1;4;9;9
PST1;5;9;9
PST1;6;9;10
PST1;7;9;10
PST1;8;9;10
PST1;9;9;7
PST1;10;9;10
PST2;11;9;10
PST2;12;9;10
PST2;13;9;9
PST2;14;9;9
PST2;15;9;10
PST2;16;9;10
PST2;17;9;8
PST2;18;9;10
PST2;19;9;9
PST2;20;9;8
PST3;21;9;10
PST3;22;9;10
PST3;23;9;10
PST3;24;9;10
PST3;25;9;10
PST3;26;9;10
PST3;27;9;10
PST3;28;9;10
PST3;29;9;10
PST3;30;9;10
PST4;31;9;10
PST4;32;9;10
PST4;33;9;9
PST4;34;9;10
PST4;35;9;10
PST4;36;9;10
PST4;37;9;10
PST4;38;9;9
PST4;39;9;10
PST4;40;9;10
PST1+C;41;9;10
PST1+C;42;9;10
PST1+C;43;9;10
PST1+C;44;9;10
PST1+C;45;9;10
PST1+C;46;9;10
PST1+C;47;9;10
PST1+C;48;9;10
PST1+C;49;9;10
PST1+C;50;9;10
PST2+C;51;9;8
PST2+C;52;9;9
PST2+C;53;9;9
PST2+C;54;9;10
PST2+C;55;9;10
PST2+C;56;9;10
PST2+C;57;9;10
PST2+C;58;9;9
PST2+C;59;9;10
PST2+C;60;9;10
PST3+C;61;9;10
PST3+C;62;9;9
PST3+C;63;9;10
PST3+C;64;9;9
PST3+C;65;9;10
PST3+C;66;9;9
PST3+C;67;9;10
PST3+C;68;9;10
PST3+C;69;9;10
PST3+C;70;9;10
PST4+C;71;9;10
PST4+C;72;9;10
PST4+C;73;9;10
PST4+C;74;9;9
PST4+C;75;9;10
PST4+C;76;9;10
PST4+C;77;9;8
PST4+C;78;9;9
PST4+C;79;9;10
PST4+C;80;9;10
C;81;9;10
C;82;9;10
C;83;9;8
C;84;9;10
C;85;9;9
C;86;9;10
C;87;9;9
C;88;9;9
C;89;9;10
C;90;9;10
ST;91;9;10
ST;92;9;9
ST;93;9;10
ST;94;9;10
ST;95;9;9
ST;96;9;10
ST;97;9;8
ST;98;9;10
ST;99;9;9
ST;100;9;10
PST1;1;11;10
PST1;2;11;10
PST1;3;11;9
PST1;4;11;9
PST1;5;11;9
PST1;6;11;10
PST1;7;11;10
PST1;8;11;10
PST1;9;11;6
PST1;10;11;10
PST2;11;11;10
PST2;12;11;10
PST2;13;11;9
PST2;14;11;9
PST2;15;11;10
PST2;16;11;10
PST2;17;11;8
PST2;18;11;10
PST2;19;11;9
PST2;20;11;8
PST3;21;11;10
PST3;22;11;10
PST3;23;11;9
PST3;24;11;10
PST3;25;11;10
PST3;26;11;9
PST3;27;11;10
PST3;28;11;10
PST3;29;11;9
PST3;30;11;9
PST4;31;11;10
PST4;32;11;9
PST4;33;11;9
PST4;34;11;10
PST4;35;11;9
PST4;36;11;9
PST4;37;11;9
PST4;38;11;8
PST4;39;11;8
PST4;40;11;9
PST1+C;41;11;10
PST1+C;42;11;10
PST1+C;43;11;10
PST1+C;44;11;10
PST1+C;45;11;9
PST1+C;46;11;10
PST1+C;47;11;9
PST1+C;48;11;10
PST1+C;49;11;10
PST1+C;50;11;10
PST2+C;51;11;8
PST2+C;52;11;9
PST2+C;53;11;9
PST2+C;54;11;10
PST2+C;55;11;10
PST2+C;56;11;10
PST2+C;57;11;10
PST2+C;58;11;8
PST2+C;59;11;10
PST2+C;60;11;10
PST3+C;61;11;10
PST3+C;62;11;9
PST3+C;63;11;10
PST3+C;64;11;9
PST3+C;65;11;10
PST3+C;66;11;9
PST3+C;67;11;10
PST3+C;68;11;10
PST3+C;69;11;10
PST3+C;70;11;10
PST4+C;71;11;10
PST4+C;72;11;10
PST4+C;73;11;10
PST4+C;74;11;9
PST4+C;75;11;10
PST4+C;76;11;10
PST4+C;77;11;8
PST4+C;78;11;9
PST4+C;79;11;10
PST4+C;80;11;9
C;81;11;8
C;82;11;10
C;83;11;8
C;84;11;10
C;85;11;8
C;86;11;10
C;87;11;9
C;88;11;9
C;89;11;10
C;90;11;10
ST;91;11;10
ST;92;11;9
ST;93;11;9
ST;94;11;9
ST;95;11;7
ST;96;11;10
ST;97;11;6
ST;98;11;10
ST;99;11;9
ST;100;11;9
PST1;1;14;10
PST1;2;14;10
PST1;3;14;8
PST1;4;14;9
PST1;5;14;9
PST1;6;14;10
PST1;7;14;10
PST1;8;14;10
PST1;9;14;6
PST1;10;14;7
PST2;11;14;10
PST2;12;14;6
PST2;13;14;9
PST2;14;14;9
PST2;15;14;7
PST2;16;14;10
PST2;17;14;8
PST2;18;14;9
PST2;19;14;8
PST2;20;14;8
PST3;21;14;10
PST3;22;14;9
PST3;23;14;9
PST3;24;14;10
PST3;25;14;8
PST3;26;14;9
PST3;27;14;10
PST3;28;14;9
PST3;29;14;8
PST3;30;14;9
PST4;31;14;9
PST4;32;14;9
PST4;33;14;9
PST4;34;14;10
PST4;35;14;9
PST4;36;14;9
PST4;37;14;7
PST4;38;14;7
PST4;39;14;7
PST4;40;14;7
PST1+C;41;14;10
PST1+C;42;14;10
PST1+C;43;14;10
PST1+C;44;14;10
PST1+C;45;14;9
PST1+C;46;14;10
PST1+C;47;14;9
PST1+C;48;14;10
PST1+C;49;14;10
PST1+C;50;14;10
PST2+C;51;14;8
PST2+C;52;14;8
PST2+C;53;14;8
PST2+C;54;14;10
PST2+C;55;14;10
PST2+C;56;14;10
PST2+C;57;14;8
PST2+C;58;14;8
PST2+C;59;14;10
PST2+C;60;14;10
PST3+C;61;14;10
PST3+C;62;14;9
PST3+C;63;14;10
PST3+C;64;14;9
PST3+C;65;14;10
PST3+C;66;14;8
PST3+C;67;14;10
PST3+C;68;14;10
PST3+C;69;14;10
PST3+C;70;14;10
PST4+C;71;14;10
PST4+C;72;14;10
PST4+C;73;14;9
PST4+C;74;14;9
PST4+C;75;14;10
PST4+C;76;14;10
PST4+C;77;14;8
PST4+C;78;14;9
PST4+C;79;14;10
PST4+C;80;14;9
C;81;14;8
C;82;14;9
C;83;14;8
C;84;14;9
C;85;14;8
C;86;14;9
C;87;14;8
C;88;14;9
C;89;14;9
C;90;14;10
ST;91;14;10
ST;92;14;9
ST;93;14;7
ST;94;14;8
ST;95;14;7
ST;96;14;10
ST;97;14;5
ST;98;14;6
ST;99;14;9
ST;100;14;9
PST1;1;16;8
PST1;2;16;10
PST1;3;16;8
PST1;4;16;8
PST1;5;16;9
PST1;6;16;9
PST1;7;16;8
PST1;8;16;10
PST1;9;16;5
PST1;10;16;7
PST2;11;16;10
PST2;12;16;6
PST2;13;16;9
PST2;14;16;9
PST2;15;16;7
PST2;16;16;9
PST2;17;16;7
PST2;18;16;9
PST2;19;16;8
PST2;20;16;7
PST3;21;16;10
PST3;22;16;9
PST3;23;16;9
PST3;24;16;9
PST3;25;16;8
PST3;26;16;9
PST3;27;16;8
PST3;28;16;8
PST3;29;16;8
PST3;30;16;9
PST4;31;16;9
PST4;32;16;9
PST4;33;16;9
PST4;34;16;9
PST4;35;16;9
PST4;36;16;9
PST4;37;16;6
PST4;38;16;5
PST4;39;16;6
PST4;40;16;6
PST1+C;41;16;10
PST1+C;42;16;10
PST1+C;43;16;10
PST1+C;44;16;10
PST1+C;45;16;8
PST1+C;46;16;10
PST1+C;47;16;9
PST1+C;48;16;9
PST1+C;49;16;10
PST1+C;50;16;10
PST2+C;51;16;8
PST2+C;52;16;8
PST2+C;53;16;8
PST2+C;54;16;10
PST2+C;55;16;10
PST2+C;56;16;10
PST2+C;57;16;8
PST2+C;58;16;8
PST2+C;59;16;10
PST2+C;60;16;10
PST3+C;61;16;10
PST3+C;62;16;9
PST3+C;63;16;10
PST3+C;64;16;9
PST3+C;65;16;10
PST3+C;66;16;6
PST3+C;67;16;10
PST3+C;68;16;10
PST3+C;69;16;10
PST3+C;70;16;10
PST4+C;71;16;10
PST4+C;72;16;10
PST4+C;73;16;9
PST4+C;74;16;9
PST4+C;75;16;10
PST4+C;76;16;10
PST4+C;77;16;8
PST4+C;78;16;9
PST4+C;79;16;10
PST4+C;80;16;9
C;81;16;8
C;82;16;9
C;83;16;8
C;84;16;8
C;85;16;8
C;86;16;9
C;87;16;7
C;88;16;9
C;89;16;9
C;90;16;10
ST;91;16;10
ST;92;16;8
ST;93;16;6
ST;94;16;6
ST;95;16;7
ST;96;16;10
ST;97;16;5
ST;98;16;6
ST;99;16;8
ST;100;16;9
PST1;1;18;4
PST1;2;18;10
PST1;3;18;6
PST1;4;18;7
PST1;5;18;8
PST1;6;18;8
PST1;7;18;8
PST1;8;18;10
PST1;9;18;5
PST1;10;18;7
PST2;11;18;9
PST2;12;18;6
PST2;13;18;8
PST2;14;18;8
PST2;15;18;7
PST2;16;18;9
PST2;17;18;7
PST2;18;18;9
PST2;19;18;7
PST2;20;18;6
PST3;21;18;10
PST3;22;18;8
PST3;23;18;6
PST3;24;18;8
PST3;25;18;8
PST3;26;18;8
PST3;27;18;7
PST3;28;18;6
PST3;29;18;7
PST3;30;18;8
PST4;31;18;7
PST4;32;18;9
PST4;33;18;9
PST4;34;18;8
PST4;35;18;9
PST4;36;18;7
PST4;37;18;5
PST4;38;18;2
PST4;39;18;6
PST4;40;18;6
PST1+C;41;18;10
PST1+C;42;18;10
PST1+C;43;18;9
PST1+C;44;18;10
PST1+C;45;18;8
PST1+C;46;18;10
PST1+C;47;18;9
PST1+C;48;18;9
PST1+C;49;18;10
PST1+C;50;18;10
PST2+C;51;18;8
PST2+C;52;18;8
PST2+C;53;18;8
PST2+C;54;18;10
PST2+C;55;18;10
PST2+C;56;18;10
PST2+C;57;18;8
PST2+C;58;18;8
PST2+C;59;18;10
PST2+C;60;18;10
PST3+C;61;18;9
PST3+C;62;18;9
PST3+C;63;18;10
PST3+C;64;18;9
PST3+C;65;18;10
PST3+C;66;18;6
PST3+C;67;18;10
PST3+C;68;18;10
PST3+C;69;18;9
PST3+C;70;18;10
PST4+C;71;18;9
PST4+C;72;18;10
PST4+C;73;18;9
PST4+C;74;18;7
PST4+C;75;18;10
PST4+C;76;18;10
PST4+C;77;18;8
PST4+C;78;18;9
PST4+C;79;18;10
PST4+C;80;18;8
C;81;18;8
C;82;18;9
C;83;18;8
C;84;18;8
C;85;18;8
C;86;18;9
C;87;18;6
C;88;18;8
C;89;18;8
C;90;18;10
ST;91;18;10
ST;92;18;9
ST;93;18;5
ST;94;18;6
ST;95;18;7
ST;96;18;10
ST;97;18;5
ST;98;18;5
ST;99;18;7
ST;100;18;9
PST1;1;21;4
PST1;2;21;10
PST1;3;21;6
PST1;4;21;6
PST1;5;21;8
PST1;6;21;7
PST1;7;21;8
PST1;8;21;8
PST1;9;21;4
PST1;10;21;6
PST2;11;21;6
PST2;12;21;6
PST2;13;21;7
PST2;14;21;6
PST2;15;21;7
PST2;16;21;7
PST2;17;21;7
PST2;18;21;7
PST2;19;21;7
PST2;20;21;5
PST3;21;21;10
PST3;22;21;6
PST3;23;21;6
PST3;24;21;8
PST3;25;21;7
PST3;26;21;7
PST3;27;21;6
PST3;28;21;6
PST3;29;21;7
PST3;30;21;8
PST4;31;21;7
PST4;32;21;7
PST4;33;21;9
PST4;34;21;7
PST4;35;21;9
PST4;36;21;4
PST4;37;21;3
PST4;38;21;1
PST4;39;21;4
PST4;40;21;4
PST1+C;41;21;10
PST1+C;42;21;10
PST1+C;43;21;9
PST1+C;44;21;10
PST1+C;45;21;8
PST1+C;46;21;9
PST1+C;47;21;9
PST1+C;48;21;8
PST1+C;49;21;10
PST1+C;50;21;10
PST2+C;51;21;8
PST2+C;52;21;8
PST2+C;53;21;8
PST2+C;54;21;9
PST2+C;55;21;10
PST2+C;56;21;9
PST2+C;57;21;7
PST2+C;58;21;8
PST2+C;59;21;10
PST2+C;60;21;10
PST3+C;61;21;9
PST3+C;62;21;8
PST3+C;63;21;9
PST3+C;64;21;9
PST3+C;65;21;9
PST3+C;66;21;5
PST3+C;67;21;10
PST3+C;68;21;10
PST3+C;69;21;9
PST3+C;70;21;10
PST4+C;71;21;9
PST4+C;72;21;9
PST4+C;73;21;9
PST4+C;74;21;8
PST4+C;75;21;10
PST4+C;76;21;10
PST4+C;77;21;8
PST4+C;78;21;9
PST4+C;79;21;10
PST4+C;80;21;8
C;81;21;8
C;82;21;9
C;83;21;8
C;84;21;8
C;85;21;7
C;86;21;9
C;87;21;6
C;88;21;8
C;89;21;7
C;90;21;9
ST;91;21;8
ST;92;21;9
ST;93;21;2
ST;94;21;4
ST;95;21;6
ST;96;21;9
ST;97;21;3
ST;98;21;4
ST;99;21;5
ST;100;21;9
PST1;1;23;4
PST1;2;23;10
PST1;3;23;5
PST1;4;23;6
PST1;5;23;8
PST1;6;23;4
PST1;7;23;6
PST1;8;23;5
PST1;9;23;4
PST1;10;23;5
PST2;11;23;6
PST2;12;23;6
PST2;13;23;7
PST2;14;23;5
PST2;15;23;7
PST2;16;23;5
PST2;17;23;5
PST2;18;23;5
PST2;19;23;5
PST2;20;23;5
PST3;21;23;9
PST3;22;23;4
PST3;23;23;6
PST3;24;23;7
PST3;25;23;7
PST3;26;23;7
PST3;27;23;5
PST3;28;23;5
PST3;29;23;7
PST3;30;23;8
PST4;31;23;6
PST4;32;23;7
PST4;33;23;9
PST4;34;23;7
PST4;35;23;7
PST4;36;23;3
PST4;37;23;2
PST4;38;23;1
PST4;39;23;4
PST4;40;23;3
PST1+C;41;23;10
PST1+C;42;23;10
PST1+C;43;23;9
PST1+C;44;23;10
PST1+C;45;23;8
PST1+C;46;23;9
PST1+C;47;23;8
PST1+C;48;23;8
PST1+C;49;23;10
PST1+C;50;23;10
PST2+C;51;23;8
PST2+C;52;23;8
PST2+C;53;23;8
PST2+C;54;23;9
PST2+C;55;23;10
PST2+C;56;23;8
PST2+C;57;23;7
PST2+C;58;23;8
PST2+C;59;23;10
PST2+C;60;23;10
PST3+C;61;23;9
PST3+C;62;23;8
PST3+C;63;23;9
PST3+C;64;23;9
PST3+C;65;23;9
PST3+C;66;23;4
PST3+C;67;23;10
PST3+C;68;23;10
PST3+C;69;23;9
PST3+C;70;23;8
PST4+C;71;23;8
PST4+C;72;23;9
PST4+C;73;23;8
PST4+C;74;23;6
PST4+C;75;23;10
PST4+C;76;23;10
PST4+C;77;23;8
PST4+C;78;23;9
PST4+C;79;23;10
PST4+C;80;23;8
C;81;23;8
C;82;23;9
C;83;23;8
C;84;23;8
C;85;23;6
C;86;23;9
C;87;23;6
C;88;23;8
C;89;23;7
C;90;23;9
ST;91;23;7
ST;92;23;9
ST;93;23;2
ST;94;23;4
ST;95;23;6
ST;96;23;9
ST;97;23;3
ST;98;23;4
ST;99;23;5
ST;100;23;8
PST1;1;25;4
PST1;2;25;10
PST1;3;25;5
PST1;4;25;6
PST1;5;25;8
PST1;6;25;4
PST1;7;25;6
PST1;8;25;4
PST1;9;25;3
PST1;10;25;5
PST2;11;25;6
PST2;12;25;6
PST2;13;25;6
PST2;14;25;4
PST2;15;25;5
PST2;16;25;4
PST2;17;25;5
PST2;18;25;5
PST2;19;25;5
PST2;20;25;5
PST3;21;25;9
PST3;22;25;3
PST3;23;25;6
PST3;24;25;7
PST3;25;25;6
PST3;26;25;6
PST3;27;25;5
PST3;28;25;5
PST3;29;25;7
PST3;30;25;7
PST4;31;25;5
PST4;32;25;7
PST4;33;25;6
PST4;34;25;7
PST4;35;25;6
PST4;36;25;2
PST4;37;25;2
PST4;38;25;1
PST4;39;25;3
PST4;40;25;3
PST1+C;41;25;10
PST1+C;42;25;10
PST1+C;43;25;8
PST1+C;44;25;10
PST1+C;45;25;8
PST1+C;46;25;9
PST1+C;47;25;8
PST1+C;48;25;8
PST1+C;49;25;10
PST1+C;50;25;9
PST2+C;51;25;8
PST2+C;52;25;8
PST2+C;53;25;8
PST2+C;54;25;9
PST2+C;55;25;10
PST2+C;56;25;8
PST2+C;57;25;7
PST2+C;58;25;8
PST2+C;59;25;10
PST2+C;60;25;10
PST3+C;61;25;9
PST3+C;62;25;7
PST3+C;63;25;9
PST3+C;64;25;8
PST3+C;65;25;9
PST3+C;66;25;4
PST3+C;67;25;10
PST3+C;68;25;10
PST3+C;69;25;9
PST3+C;70;25;8
PST4+C;71;25;8
PST4+C;72;25;9
PST4+C;73;25;7
PST4+C;74;25;6
PST4+C;75;25;10
PST4+C;76;25;10
PST4+C;77;25;8
PST4+C;78;25;9
PST4+C;79;25;10
PST4+C;80;25;8
C;81;25;8
C;82;25;9
C;83;25;8
C;84;25;8
C;85;25;4
C;86;25;8
C;87;25;6
C;88;25;8
C;89;25;7
C;90;25;9
ST;91;25;5
ST;92;25;7
ST;93;25;1
ST;94;25;4
ST;95;25;6
ST;96;25;7
ST;97;25;1
ST;98;25;3
ST;99;25;5
ST;100;25;8
PST1;1;28;3
PST1;2;28;6
PST1;3;28;5
PST1;4;28;4
PST1;5;28;4
PST1;6;28;3
PST1;7;28;6
PST1;8;28;4
PST1;9;28;3
PST1;10;28;2
PST2;11;28;6
PST2;12;28;5
PST2;13;28;5
PST2;14;28;3
PST2;15;28;5
PST2;16;28;3
PST2;17;28;4
PST2;18;28;5
PST2;19;28;4
PST2;20;28;5
PST3;21;28;7
PST3;22;28;3
PST3;23;28;5
PST3;24;28;7
PST3;25;28;6
PST3;26;28;6
PST3;27;28;4
PST3;28;28;4
PST3;29;28;7
PST3;30;28;7
PST4;31;28;3
PST4;32;28;6
PST4;33;28;5
PST4;34;28;5
PST4;35;28;5
PST4;36;28;0
PST4;37;28;1
PST4;38;28;1
PST4;39;28;3
PST4;40;28;3
PST1+C;41;28;9
PST1+C;42;28;10
PST1+C;43;28;8
PST1+C;44;28;10
PST1+C;45;28;8
PST1+C;46;28;9
PST1+C;47;28;8
PST1+C;48;28;7
PST1+C;49;28;10
PST1+C;50;28;9
PST2+C;51;28;8
PST2+C;52;28;8
PST2+C;53;28;8
PST2+C;54;28;9
PST2+C;55;28;10
PST2+C;56;28;8
PST2+C;57;28;7
PST2+C;58;28;7
PST2+C;59;28;10
PST2+C;60;28;9
PST3+C;61;28;9
PST3+C;62;28;6
PST3+C;63;28;9
PST3+C;64;28;8
PST3+C;65;28;6
PST3+C;66;28;4
PST3+C;67;28;9
PST3+C;68;28;9
PST3+C;69;28;9
PST3+C;70;28;8
PST4+C;71;28;8
PST4+C;72;28;9
PST4+C;73;28;7
PST4+C;74;28;6
PST4+C;75;28;9
PST4+C;76;28;10
PST4+C;77;28;9
PST4+C;78;28;9
PST4+C;79;28;10
PST4+C;80;28;8
C;81;28;8
C;82;28;8
C;83;28;8
C;84;28;8
C;85;28;4
C;86;28;7
C;87;28;5
C;88;28;8
C;89;28;7
C;90;28;9
ST;91;28;5
ST;92;28;4
ST;93;28;1
ST;94;28;4
ST;95;28;5
ST;96;28;7
ST;97;28;1
ST;98;28;3
ST;99;28;4
ST;100;28;8
PST1;1;30;3
PST1;2;30;6
PST1;3;30;5
PST1;4;30;4
PST1;5;30;4
PST1;6;30;3
PST1;7;30;6
PST1;8;30;4
PST1;9;30;3
PST1;10;30;2
PST2;11;30;6
PST2;12;30;4
PST2;13;30;4
PST2;14;30;2
PST2;15;30;3
PST2;16;30;3
PST2;17;30;4
PST2;18;30;4
PST2;19;30;4
PST2;20;30;3
PST3;21;30;5
PST3;22;30;3
PST3;23;30;5
PST3;24;30;7
PST3;25;30;5
PST3;26;30;5
PST3;27;30;4
PST3;28;30;4
PST3;29;30;6
PST3;30;30;7
PST4;31;30;3
PST4;32;30;6
PST4;33;30;4
PST4;34;30;4
PST4;35;30;5
PST4;36;30;0
PST4;37;30;1
PST4;38;30;1
PST4;39;30;0
PST4;40;30;2
PST1+C;41;30;9
PST1+C;42;30;10
PST1+C;43;30;8
PST1+C;44;30;10
PST1+C;45;30;8
PST1+C;46;30;9
PST1+C;47;30;8
PST1+C;48;30;7
PST1+C;49;30;10
PST1+C;50;30;9
PST2+C;51;30;8
PST2+C;52;30;8
PST2+C;53;30;8
PST2+C;54;30;9
PST2+C;55;30;10
PST2+C;56;30;8
PST2+C;57;30;6
PST2+C;58;30;7
PST2+C;59;30;10
PST2+C;60;30;8
PST3+C;61;30;9
PST3+C;62;30;6
PST3+C;63;30;9
PST3+C;64;30;8
PST3+C;65;30;6
PST3+C;66;30;3
PST3+C;67;30;8
PST3+C;68;30;9
PST3+C;69;30;9
PST3+C;70;30;8
PST4+C;71;30;8
PST4+C;72;30;9
PST4+C;73;30;7
PST4+C;74;30;6
PST4+C;75;30;9
PST4+C;76;30;10
PST4+C;77;30;9
PST4+C;78;30;9
PST4+C;79;30;10
PST4+C;80;30;8
C;81;30;8
C;82;30;8
C;83;30;8
C;84;30;8
C;85;30;3
C;86;30;7
C;87;30;5
C;88;30;7
C;89;30;7
C;90;30;9
ST;91;30;5
ST;92;30;4
ST;93;30;1
ST;94;30;3
ST;95;30;5
ST;96;30;7
ST;97;30;1
ST;98;30;3
ST;99;30;4
ST;100;30;6
PST1;1;32;3
PST1;2;32;5
PST1;3;32;4
PST1;4;32;3
PST1;5;32;4
PST1;6;32;3
PST1;7;32;6
PST1;8;32;4
PST1;9;32;3
PST1;10;32;2
PST2;11;32;5
PST2;12;32;4
PST2;13;32;4
PST2;14;32;1
PST2;15;32;4
PST2;16;32;3
PST2;17;32;3
PST2;18;32;4
PST2;19;32;4
PST2;20;32;3
PST3;21;32;4
PST3;22;32;3
PST3;23;32;4
PST3;24;32;6
PST3;25;32;4
PST3;26;32;2
PST3;27;32;4
PST3;28;32;4
PST3;29;32;5
PST3;30;32;7
PST4;31;32;3
PST4;32;32;6
PST4;33;32;4
PST4;34;32;4
PST4;35;32;5
PST4;36;32;0
PST4;37;32;1
PST4;38;32;1
PST4;39;32;0
PST4;40;32;2
PST1+C;41;32;9
PST1+C;42;32;9
PST1+C;43;32;8
PST1+C;44;32;10
PST1+C;45;32;8
PST1+C;46;32;9
PST1+C;47;32;8
PST1+C;48;32;7
PST1+C;49;32;10
PST1+C;50;32;9
PST2+C;51;32;8
PST2+C;52;32;8
PST2+C;53;32;8
PST2+C;54;32;8
PST2+C;55;32;10
PST2+C;56;32;8
PST2+C;57;32;6
PST2+C;58;32;7
PST2+C;59;32;10
PST2+C;60;32;8
PST3+C;61;32;9
PST3+C;62;32;6
PST3+C;63;32;9
PST3+C;64;32;8
PST3+C;65;32;6
PST3+C;66;32;3
PST3+C;67;32;8
PST3+C;68;32;9
PST3+C;69;32;9
PST3+C;70;32;7
PST4+C;71;32;8
PST4+C;72;32;9
PST4+C;73;32;6
PST4+C;74;32;6
PST4+C;75;32;9
PST4+C;76;32;10
PST4+C;77;32;8
PST4+C;78;32;9
PST4+C;79;32;10
PST4+C;80;32;8
C;81;32;8
C;82;32;8
C;83;32;8
C;84;32;8
C;85;32;3
C;86;32;7
C;87;32;5
C;88;32;6
C;89;32;7
C;90;32;8
ST;91;32;5
ST;92;32;4
ST;93;32;1
ST;94;32;3
ST;95;32;5
ST;96;32;7
ST;97;32;1
ST;98;32;1
ST;99;32;4
ST;100;32;6
PST1;1;37;3
PST1;2;37;4
PST1;3;37;4
PST1;4;37;3
PST1;5;37;3
PST1;6;37;2
PST1;7;37;4
PST1;8;37;4
PST1;9;37;3
PST1;10;37;1
PST2;11;37;4
PST2;12;37;4
PST2;13;37;3
PST2;14;37;0
PST2;15;37;4
PST2;16;37;2
PST2;17;37;1
PST2;18;37;3
PST2;19;37;3
PST2;20;37;2
PST3;21;37;3
PST3;22;37;3
PST3;23;37;4
PST3;24;37;6
PST3;25;37;3
PST3;26;37;2
PST3;27;37;4
PST3;28;37;4
PST3;29;37;3
PST3;30;37;3
PST4;31;37;3
PST4;32;37;3
PST4;33;37;4
PST4;34;37;4
PST4;35;37;4
PST4;36;37;0
PST4;37;37;0
PST4;38;37;0
PST4;39;37;0
PST4;40;37;1
PST1+C;41;37;9
PST1+C;42;37;8
PST1+C;43;37;6
PST1+C;44;37;9
PST1+C;45;37;7
PST1+C;46;37;7
PST1+C;47;37;8
PST1+C;48;37;7
PST1+C;49;37;10
PST1+C;50;37;9
PST2+C;51;37;8
PST2+C;52;37;6
PST2+C;53;37;7
PST2+C;54;37;8
PST2+C;55;37;10
PST2+C;56;37;8
PST2+C;57;37;5
PST2+C;58;37;7
PST2+C;59;37;9
PST2+C;60;37;8
PST3+C;61;37;9
PST3+C;62;37;6
PST3+C;63;37;9
PST3+C;64;37;6
PST3+C;65;37;6
PST3+C;66;37;1
PST3+C;67;37;8
PST3+C;68;37;7
PST3+C;69;37;9
PST3+C;70;37;7
PST4+C;71;37;8
PST4+C;72;37;7
PST4+C;73;37;6
PST4+C;74;37;6
PST4+C;75;37;7
PST4+C;76;37;8
PST4+C;77;37;8
PST4+C;78;37;9
PST4+C;79;37;10
PST4+C;80;37;7
C;81;37;6
C;82;37;7
C;83;37;6
C;84;37;7
C;85;37;3
C;86;37;6
C;87;37;5
C;88;37;6
C;89;37;7
C;90;37;7
ST;91;37;3
ST;92;37;4
ST;93;37;0
ST;94;37;3
ST;95;37;5
ST;96;37;6
ST;97;37;1
ST;98;37;0
ST;99;37;4
ST;100;37;5
PST1;1;44;2
PST1;2;44;4
PST1;3;44;4
PST1;4;44;1
PST1;5;44;2
PST1;6;44;1
PST1;7;44;3
PST1;8;44;2
PST1;9;44;1
PST1;10;44;0
PST2;11;44;3
PST2;12;44;4
PST2;13;44;3
PST2;14;44;0
PST2;15;44;3
PST2;16;44;2
PST2;17;44;1
PST2;18;44;3
PST2;19;44;2
PST2;20;44;1
PST3;21;44;2
PST3;22;44;1
PST3;23;44;3
PST3;24;44;4
PST3;25;44;3
PST3;26;44;2
PST3;27;44;2
PST3;28;44;2
PST3;29;44;2
PST3;30;44;2
PST4;31;44;2
PST4;32;44;3
PST4;33;44;4
PST4;34;44;3
PST4;35;44;2
PST4;36;44;0
PST4;37;44;0
PST4;38;44;0
PST4;39;44;0
PST4;40;44;1
PST1+C;41;44;7
PST1+C;42;44;6
PST1+C;43;44;5
PST1+C;44;44;8
PST1+C;45;44;7
PST1+C;46;44;7
PST1+C;47;44;6
PST1+C;48;44;6
PST1+C;49;44;7
PST1+C;50;44;8
PST2+C;51;44;7
PST2+C;52;44;5
PST2+C;53;44;5
PST2+C;54;44;7
PST2+C;55;44;9
PST2+C;56;44;8
PST2+C;57;44;5
PST2+C;58;44;6
PST2+C;59;44;9
PST2+C;60;44;8
PST3+C;61;44;8
PST3+C;62;44;5
PST3+C;63;44;6
PST3+C;64;44;5
PST3+C;65;44;4
PST3+C;66;44;0
PST3+C;67;44;8
PST3+C;68;44;4
PST3+C;69;44;7
PST3+C;70;44;4
PST4+C;71;44;6
PST4+C;72;44;7
PST4+C;73;44;6
PST4+C;74;44;6
PST4+C;75;44;6
PST4+C;76;44;8
PST4+C;77;44;6
PST4+C;78;44;8
PST4+C;79;44;9
PST4+C;80;44;6
C;81;44;6
C;82;44;6
C;83;44;5
C;84;44;4
C;85;44;3
C;86;44;6
C;87;44;4
C;88;44;6
C;89;44;7
C;90;44;7
ST;91;44;3
ST;92;44;3
ST;93;44;0
ST;94;44;2
ST;95;44;3
ST;96;44;6
ST;97;44;1
ST;98;44;0
ST;99;44;2
ST;100;44;2
PST1;1;51;2
PST1;2;51;4
PST1;3;51;3
PST1;4;51;1
PST1;5;51;2
PST1;6;51;1
PST1;7;51;3
PST1;8;51;1
PST1;9;51;1
PST1;10;51;0
PST2;11;51;2
PST2;12;51;2
PST2;13;51;2
PST2;14;51;0
PST2;15;51;3
PST2;16;51;1
PST2;17;51;1
PST2;18;51;2
PST2;19;51;2
PST2;20;51;1
PST3;21;51;1
PST3;22;51;1
PST3;23;51;2
PST3;24;51;3
PST3;25;51;0
PST3;26;51;2
PST3;27;51;2
PST3;28;51;1
PST3;29;51;0
PST3;30;51;0
PST4;31;51;2
PST4;32;51;3
PST4;33;51;2
PST4;34;51;2
PST4;35;51;1
PST4;36;51;0
PST4;37;51;0
PST4;38;51;0
PST4;39;51;0
PST4;40;51;0
PST1+C;41;51;7
PST1+C;42;51;5
PST1+C;43;51;5
PST1+C;44;51;7
PST1+C;45;51;6
PST1+C;46;51;6
PST1+C;47;51;6
PST1+C;48;51;5
PST1+C;49;51;7
PST1+C;50;51;7
PST2+C;51;51;3
PST2+C;52;51;5
PST2+C;53;51;5
PST2+C;54;51;7
PST2+C;55;51;9
PST2+C;56;51;7
PST2+C;57;51;5
PST2+C;58;51;3
PST2+C;59;51;9
PST2+C;60;51;6
PST3+C;61;51;6
PST3+C;62;51;4
PST3+C;63;51;4
PST3+C;64;51;5
PST3+C;65;51;4
PST3+C;66;51;0
PST3+C;67;51;8
PST3+C;68;51;4
PST3+C;69;51;7
PST3+C;70;51;4
PST4+C;71;51;6
PST4+C;72;51;6
PST4+C;73;51;5
PST4+C;74;51;6
PST4+C;75;51;6
PST4+C;76;51;7
PST4+C;77;51;4
PST4+C;78;51;8
PST4+C;79;51;9
PST4+C;80;51;6
C;81;51;6
C;82;51;6
C;83;51;4
C;84;51;4
C;85;51;2
C;86;51;4
C;87;51;3
C;88;51;5
C;89;51;5
C;90;51;3
ST;91;51;2
ST;92;51;3
ST;93;51;0
ST;94;51;1
ST;95;51;2
ST;96;51;2
ST;97;51;1
ST;98;51;0
ST;99;51;2
ST;100;51;2
PST1;1;58;2
PST1;2;58;2
PST1;3;58;1
PST1;4;58;1
PST1;5;58;1
PST1;6;58;1
PST1;7;58;3
PST1;8;58;1
PST1;9;58;1
PST1;10;58;0
PST2;11;58;2
PST2;12;58;1
PST2;13;58;2
PST2;14;58;0
PST2;15;58;1
PST2;16;58;1
PST2;17;58;1
PST2;18;58;1
PST2;19;58;2
PST2;20;58;1
PST3;21;58;0
PST3;22;58;0
PST3;23;58;2
PST3;24;58;3
PST3;25;58;0
PST3;26;58;2
PST3;27;58;0
PST3;28;58;1
PST3;29;58;0
PST3;30;58;0
PST4;31;58;2
PST4;32;58;3
PST4;33;58;1
PST4;34;58;2
PST4;35;58;0
PST4;36;58;0
PST4;37;58;0
PST4;38;58;0
PST4;39;58;0
PST4;40;58;0
PST1+C;41;58;6
PST1+C;42;58;5
PST1+C;43;58;5
PST1+C;44;58;6
PST1+C;45;58;5
PST1+C;46;58;6
PST1+C;47;58;3
PST1+C;48;58;5
PST1+C;49;58;6
PST1+C;50;58;7
PST2+C;51;58;3
PST2+C;52;58;5
PST2+C;53;58;4
PST2+C;54;58;7
PST2+C;55;58;7
PST2+C;56;58;7
PST2+C;57;58;4
PST2+C;58;58;2
PST2+C;59;58;6
PST2+C;60;58;6
PST3+C;61;58;5
PST3+C;62;58;4
PST3+C;63;58;3
PST3+C;64;58;5
PST3+C;65;58;4
PST3+C;66;58;0
PST3+C;67;58;7
PST3+C;68;58;4
PST3+C;69;58;5
PST3+C;70;58;3
PST4+C;71;58;6
PST4+C;72;58;6
PST4+C;73;58;5
PST4+C;74;58;4
PST4+C;75;58;5
PST4+C;76;58;6
PST4+C;77;58;4
PST4+C;78;58;7
PST4+C;79;58;8
PST4+C;80;58;4
C;81;58;4
C;82;58;6
C;83;58;4
C;84;58;3
C;85;58;2
C;86;58;4
C;87;58;3
C;88;58;3
C;89;58;5
C;90;58;3
ST;91;58;2
ST;92;58;2
ST;93;58;0
ST;94;58;0
ST;95;58;2
ST;96;58;1
ST;97;58;1
ST;98;58;0
ST;99;58;1
ST;100;58;1
PST1;1;65;2
PST1;2;65;2
PST1;3;65;1
PST1;4;65;1
PST1;5;65;1
PST1;6;65;1
PST1;7;65;3
PST1;8;65;1
PST1;9;65;1
PST1;10;65;0
PST2;11;65;1
PST2;12;65;1
PST2;13;65;2
PST2;14;65;0
PST2;15;65;1
PST2;16;65;1
PST2;17;65;1
PST2;18;65;1
PST2;19;65;1
PST2;20;65;1
PST3;21;65;0
PST3;22;65;0
PST3;23;65;2
PST3;24;65;1
PST3;25;65;0
PST3;26;65;1
PST3;27;65;0
PST3;28;65;1
PST3;29;65;0
PST3;30;65;0
PST4;31;65;2
PST4;32;65;1
PST4;33;65;1
PST4;34;65;1
PST4;35;65;0
PST4;36;65;0
PST4;37;65;0
PST4;38;65;0
PST4;39;65;0
PST4;40;65;0
PST1+C;41;65;5
PST1+C;42;65;2
PST1+C;43;65;4
PST1+C;44;65;5
PST1+C;45;65;5
PST1+C;46;65;6
PST1+C;47;65;3
PST1+C;48;65;4
PST1+C;49;65;4
PST1+C;50;65;7
PST2+C;51;65;3
PST2+C;52;65;5
PST2+C;53;65;4
PST2+C;54;65;7
PST2+C;55;65;7
PST2+C;56;65;7
PST2+C;57;65;4
PST2+C;58;65;2
PST2+C;59;65;6
PST2+C;60;65;6
PST3+C;61;65;5
PST3+C;62;65;4
PST3+C;63;65;3
PST3+C;64;65;3
PST3+C;65;65;4
PST3+C;66;65;0
PST3+C;67;65;6
PST3+C;68;65;4
PST3+C;69;65;3
PST3+C;70;65;2
PST4+C;71;65;3
PST4+C;72;65;5
PST4+C;73;65;5
PST4+C;74;65;4
PST4+C;75;65;5
PST4+C;76;65;6
PST4+C;77;65;4
PST4+C;78;65;7
PST4+C;79;65;7
PST4+C;80;65;4
C;81;65;3
C;82;65;6
C;83;65;3
C;84;65;3
C;85;65;1
C;86;65;4
C;87;65;3
C;88;65;3
C;89;65;4
C;90;65;3
ST;91;65;2
ST;92;65;2
ST;93;65;0
ST;94;65;0
ST;95;65;1
ST;96;65;1
ST;97;65;1
ST;98;65;0
ST;99;65;1
ST;100;65;1
PST1;1;72;2
PST1;2;72;1
PST1;3;72;1
PST1;4;72;1
PST1;5;72;0
PST1;6;72;0
PST1;7;72;1
PST1;8;72;1
PST1;9;72;1
PST1;10;72;0
PST2;11;72;1
PST2;12;72;1
PST2;13;72;1
PST2;14;72;0
PST2;15;72;1
PST2;16;72;1
PST2;17;72;0
PST2;18;72;1
PST2;19;72;1
PST2;20;72;0
PST3;21;72;0
PST3;22;72;0
PST3;23;72;0
PST3;24;72;1
PST3;25;72;0
PST3;26;72;1
PST3;27;72;0
PST3;28;72;0
PST3;29;72;0
PST3;30;72;0
PST4;31;72;1
PST4;32;72;0
PST4;33;72;1
PST4;34;72;1
PST4;35;72;0
PST4;36;72;0
PST4;37;72;0
PST4;38;72;0
PST4;39;72;0
PST4;40;72;0
PST1+C;41;72;4
PST1+C;42;72;2
PST1+C;43;72;3
PST1+C;44;72;5
PST1+C;45;72;4
PST1+C;46;72;4
PST1+C;47;72;3
PST1+C;48;72;4
PST1+C;49;72;4
PST1+C;50;72;6
PST2+C;51;72;3
PST2+C;52;72;5
PST2+C;53;72;4
PST2+C;54;72;7
PST2+C;55;72;7
PST2+C;56;72;5
PST2+C;57;72;4
PST2+C;58;72;2
PST2+C;59;72;5
PST2+C;60;72;5
PST3+C;61;72;5
PST3+C;62;72;4
PST3+C;63;72;1
PST3+C;64;72;3
PST3+C;65;72;3
PST3+C;66;72;0
PST3+C;67;72;6
PST3+C;68;72;3
PST3+C;69;72;3
PST3+C;70;72;2
PST4+C;71;72;3
PST4+C;72;72;5
PST4+C;73;72;4
PST4+C;74;72;4
PST4+C;75;72;5
PST4+C;76;72;6
PST4+C;77;72;3
PST4+C;78;72;7
PST4+C;79;72;4
PST4+C;80;72;4
C;81;72;2
C;82;72;5
C;83;72;3
C;84;72;3
C;85;72;1
C;86;72;4
C;87;72;2
C;88;72;3
C;89;72;4
C;90;72;2
ST;91;72;1
ST;92;72;2
ST;93;72;0
ST;94;72;0
ST;95;72;0
ST;96;72;1
ST;97;72;0
ST;98;72;0
ST;99;72;0
ST;100;72;1
PST1;1;79;1
PST1;2;79;1
PST1;3;79;1
PST1;4;79;1
PST1;5;79;0
PST1;6;79;0
PST1;7;79;1
PST1;8;79;1
PST1;9;79;0
PST1;10;79;0
PST2;11;79;1
PST2;12;79;1
PST2;13;79;0
PST2;14;79;0
PST2;15;79;1
PST2;16;79;1
PST2;17;79;0
PST2;18;79;1
PST2;19;79;1
PST2;20;79;0
PST3;21;79;0
PST3;22;79;0
PST3;23;79;0
PST3;24;79;1
PST3;25;79;0
PST3;26;79;1
PST3;27;79;0
PST3;28;79;0
PST3;29;79;0
PST3;30;79;0
PST4;31;79;0
PST4;32;79;0
PST4;33;79;1
PST4;34;79;0
PST4;35;79;0
PST4;36;79;0
PST4;37;79;0
PST4;38;79;0
PST4;39;79;0
PST4;40;79;0
PST1+C;41;79;4
PST1+C;42;79;2
PST1+C;43;79;3
PST1+C;44;79;2
PST1+C;45;79;4
PST1+C;46;79;4
PST1+C;47;79;3
PST1+C;48;79;4
PST1+C;49;79;4
PST1+C;50;79;6
PST2+C;51;79;3
PST2+C;52;79;5
PST2+C;53;79;4
PST2+C;54;79;6
PST2+C;55;79;6
PST2+C;56;79;5
PST2+C;57;79;4
PST2+C;58;79;2
PST2+C;59;79;5
PST2+C;60;79;4
PST3+C;61;79;5
PST3+C;62;79;4
PST3+C;63;79;1
PST3+C;64;79;3
PST3+C;65;79;2
PST3+C;66;79;0
PST3+C;67;79;4
PST3+C;68;79;3
PST3+C;69;79;3
PST3+C;70;79;2
PST4+C;71;79;3
PST4+C;72;79;3
PST4+C;73;79;4
PST4+C;74;79;3
PST4+C;75;79;4
PST4+C;76;79;6
PST4+C;77;79;3
PST4+C;78;79;6
PST4+C;79;79;4
PST4+C;80;79;4
C;81;79;2
C;82;79;4
C;83;79;3
C;84;79;3
C;85;79;1
C;86;79;2
C;87;79;2
C;88;79;3
C;89;79;3
C;90;79;2
ST;91;79;1
ST;92;79;2
ST;93;79;0
ST;94;79;0
ST;95;79;0
ST;96;79;1
ST;97;79;0
ST;98;79;0
ST;99;79;0
ST;100;79;1
PST1;1;86;0
PST1;2;86;1
PST1;3;86;1
PST1;4;86;1
PST1;5;86;0
PST1;6;86;0
PST1;7;86;1
PST1;8;86;1
PST1;9;86;0
PST1;10;86;0
PST2;11;86;0
PST2;12;86;0
PST2;13;86;0
PST2;14;86;0
PST2;15;86;0
PST2;16;86;0
PST2;17;86;0
PST2;18;86;0
PST2;19;86;0
PST2;20;86;0
PST3;21;86;0
PST3;22;86;0
PST3;23;86;0
PST3;24;86;1
PST3;25;86;0
PST3;26;86;1
PST3;27;86;0
PST3;28;86;0
PST3;29;86;0
PST3;30;86;0
PST4;31;86;0
PST4;32;86;0
PST4;33;86;1
PST4;34;86;0
PST4;35;86;0
PST4;36;86;0
PST4;37;86;0
PST4;38;86;0
PST4;39;86;0
PST4;40;86;0
PST1+C;41;86;4
PST1+C;42;86;1
PST1+C;43;86;3
PST1+C;44;86;2
PST1+C;45;86;4
PST1+C;46;86;2
PST1+C;47;86;2
PST1+C;48;86;3
PST1+C;49;86;4
PST1+C;50;86;5
PST2+C;51;86;3
PST2+C;52;86;4
PST2+C;53;86;3
PST2+C;54;86;6
PST2+C;55;86;4
PST2+C;56;86;4
PST2+C;57;86;4
PST2+C;58;86;2
PST2+C;59;86;5
PST2+C;60;86;4
PST3+C;61;86;4
PST3+C;62;86;4
PST3+C;63;86;1
PST3+C;64;86;3
PST3+C;65;86;2
PST3+C;66;86;0
PST3+C;67;86;4
PST3+C;68;86;3
PST3+C;69;86;3
PST3+C;70;86;2
PST4+C;71;86;3
PST4+C;72;86;3
PST4+C;73;86;4
PST4+C;74;86;3
PST4+C;75;86;4
PST4+C;76;86;5
PST4+C;77;86;3
PST4+C;78;86;6
PST4+C;79;86;4
PST4+C;80;86;4
C;81;86;1
C;82;86;4
C;83;86;3
C;84;86;3
C;85;86;1
C;86;86;2
C;87;86;2
C;88;86;3
C;89;86;3
C;90;86;2
ST;91;86;0
ST;92;86;1
ST;93;86;0
ST;94;86;0
ST;95;86;0
ST;96;86;1
ST;97;86;0
ST;98;86;0
ST;99;86;0
ST;100;86;0
PST1;1;93;0
PST1;2;93;1
PST1;3;93;1
PST1;4;93;0
PST1;5;93;0
PST1;6;93;0
PST1;7;93;1
PST1;8;93;0
PST1;9;93;0
PST1;10;93;0
PST2;11;93;0
PST2;12;93;0
PST2;13;93;0
PST2;14;93;0
PST2;15;93;0
PST2;16;93;0
PST2;17;93;0
PST2;18;93;0
PST2;19;93;0
PST2;20;93;0
PST3;21;93;0
PST3;22;93;0
PST3;23;93;0
PST3;24;93;1
PST3;25;93;0
PST3;26;93;0
PST3;27;93;0
PST3;28;93;0
PST3;29;93;0
PST3;30;93;0
PST4;31;93;0
PST4;32;93;0
PST4;33;93;0
PST4;34;93;0
PST4;35;93;0
PST4;36;93;0
PST4;37;93;0
PST4;38;93;0
PST4;39;93;0
PST4;40;93;0
PST1+C;41;93;4
PST1+C;42;93;1
PST1+C;43;93;3
PST1+C;44;93;2
PST1+C;45;93;3
PST1+C;46;93;2
PST1+C;47;93;2
PST1+C;48;93;3
PST1+C;49;93;4
PST1+C;50;93;4
PST2+C;51;93;3
PST2+C;52;93;4
PST2+C;53;93;3
PST2+C;54;93;6
PST2+C;55;93;4
PST2+C;56;93;4
PST2+C;57;93;3
PST2+C;58;93;2
PST2+C;59;93;4
PST2+C;60;93;4
PST3+C;61;93;4
PST3+C;62;93;4
PST3+C;63;93;1
PST3+C;64;93;3
PST3+C;65;93;2
PST3+C;66;93;0
PST3+C;67;93;3
PST3+C;68;93;3
PST3+C;69;93;3
PST3+C;70;93;2
PST4+C;71;93;3
PST4+C;72;93;3
PST4+C;73;93;3
PST4+C;74;93;3
PST4+C;75;93;4
PST4+C;76;93;5
PST4+C;77;93;3
PST4+C;78;93;6
PST4+C;79;93;3
PST4+C;80;93;4
C;81;93;1
C;82;93;4
C;83;93;3
C;84;93;3
C;85;93;1
C;86;93;2
C;87;93;2
C;88;93;2
C;89;93;3
C;90;93;2
ST;91;93;0
ST;92;93;1
ST;93;93;0
ST;94;93;0
ST;95;93;0
ST;96;93;0
ST;97;93;0
ST;98;93;0
ST;99;93;0
ST;100;93;0
PST1;1;100;0
PST1;2;100;0
PST1;3;100;0
PST1;4;100;0
PST1;5;100;0
PST1;6;100;0
PST1;7;100;0
PST1;8;100;0
PST1;9;100;0
PST1;10;100;0
PST2;11;100;0
PST2;12;100;0
PST2;13;100;0
PST2;14;100;0
PST2;15;100;0
PST2;16;100;0
PST2;17;100;0
PST2;18;100;0
PST2;19;100;0
PST2;20;100;0
PST3;21;100;0
PST3;22;100;0
PST3;23;100;0
PST3;24;100;0
PST3;25;100;0
PST3;26;100;0
PST3;27;100;0
PST3;28;100;0
PST3;29;100;0
PST3;30;100;0
PST4;31;100;0
PST4;32;100;0
PST4;33;100;0
PST4;34;100;0
PST4;35;100;0
PST4;36;100;0
PST4;37;100;0
PST4;38;100;0
PST4;39;100;0
PST4;40;100;0
PST1+C;41;100;4
PST1+C;42;100;1
PST1+C;43;100;3
PST1+C;44;100;2
PST1+C;45;100;3
PST1+C;46;100;2
PST1+C;47;100;2
PST1+C;48;100;2
PST1+C;49;100;4
PST1+C;50;100;4
PST2+C;51;100;3
PST2+C;52;100;4
PST2+C;53;100;2
PST2+C;54;100;6
PST2+C;55;100;3
PST2+C;56;100;4
PST2+C;57;100;3
PST2+C;58;100;2
PST2+C;59;100;3
PST2+C;60;100;2
PST3+C;61;100;4
PST3+C;62;100;4
PST3+C;63;100;1
PST3+C;64;100;2
PST3+C;65;100;2
PST3+C;66;100;0
PST3+C;67;100;3
PST3+C;68;100;3
PST3+C;69;100;3
PST3+C;70;100;2
PST4+C;71;100;3
PST4+C;72;100;3
PST4+C;73;100;3
PST4+C;74;100;3
PST4+C;75;100;3
PST4+C;76;100;5
PST4+C;77;100;2
PST4+C;78;100;6
PST4+C;79;100;3
PST4+C;80;100;3
C;81;100;1
C;82;100;4
C;83;100;3
C;84;100;3
C;85;100;1
C;86;100;2
C;87;100;2
C;88;100;3
C;89;100;3
C;90;100;2
ST;91;100;0
ST;92;100;0
ST;93;100;0
ST;94;100;0
ST;95;100;0
ST;96;100;0
ST;97;100;0
ST;98;100;0
ST;99;100;0
ST;100;100;0
